number,Sat,X,Y,Z
1,Satellite/10101,6009.77832,-3446.982507,-2.38E-12
2,Satellite/10102,6167.709168,-3118.642997,482.2378339
3,Satellite/10103,6278.700026,-2766.568731,960.8055467
4,Satellite/10104,6341.906185,-2393.439206,1432.060949
5,Satellite/10105,6356.846609,-2002.094164,1892.417503
6,Satellite/10106,6323.407592,-1595.511976,2338.371617
7,Satellite/10107,6241.843625,-1176.786979,2766.529311
8,Satellite/10108,6112.775459,-749.1059217,3173.632047
9,Satellite/10109,5937.18538,-315.7237164,3556.581526
10,Satellite/10110,5716.409736,120.061337,3912.463273
11,Satellite/10111,5452.128763,554.9326512,4238.568811
12,Satellite/10112,5146.353797,985.5805928,4532.416282
13,Satellite/10113,4801.411971,1408.727671,4791.769328
14,Satellite/10114,4419.928501,1821.153481,5014.654116
15,Satellite/10115,4004.806707,2219.719213,5199.374358
16,Satellite/10116,3559.205915,2601.391542,5344.524222
17,Satellite/10117,3086.517417,2963.265711,5448.999029
18,Satellite/10118,2590.338658,3302.587638,5512.003664
19,Satellite/10119,2074.445858,3616.774879,5533.058623
20,Satellite/10120,1542.765272,3903.436279,5512.003664
21,Satellite/10121,999.3433103,4160.390172,5448.999029
22,Satellite/10122,448.315743,4385.680984,5344.524222
23,Satellite/10123,-106.1237777,4577.594116,5199.374358
24,Satellite/10124,-659.7556325,4734.668992,5014.654116
25,Satellite/10125,-1208.366348,4855.710178,4791.769328
26,Satellite/10126,-1747.780667,4939.796478,4532.416282
27,Satellite/10127,-2273.893319,4986.287944,4238.568811
28,Satellite/10128,-2782.70027,4994.830748,3912.463273
29,Satellite/10129,-3270.329192,4965.359874,3556.581526
30,Satellite/10130,-3733.068934,4898.099614,3173.632047
31,Satellite/10131,-4167.397767,4793.561857,2766.529311
32,Satellite/10132,-4570.010187,4652.542201,2338.371617
33,Satellite/10133,-4937.84207,4476.113889,1892.417503
34,Satellite/10134,-5268.093993,4265.619647,1432.060949
35,Satellite/10135,-5558.25254,4022.661465,960.8055467
36,Satellite/10136,-5806.109429,3749.088399,482.2378339
37,Satellite/10137,-6009.77832,3446.982507,1.70E-12
38,Satellite/10138,-6167.709168,3118.642997,-482.2378339
39,Satellite/10139,-6278.700026,2766.568731,-960.8055467
40,Satellite/10140,-6341.906185,2393.439206,-1432.060949
41,Satellite/10141,-6356.846609,2002.094164,-1892.417503
42,Satellite/10142,-6323.407592,1595.511976,-2338.371617
43,Satellite/10143,-6241.843625,1176.786979,-2766.529311
44,Satellite/10144,-6112.775459,749.1059217,-3173.632047
45,Satellite/10145,-5937.18538,315.7237164,-3556.581526
46,Satellite/10146,-5716.409736,-120.061337,-3912.463273
47,Satellite/10147,-5452.128763,-554.9326512,-4238.568811
48,Satellite/10148,-5146.353797,-985.5805928,-4532.416282
49,Satellite/10149,-4801.411971,-1408.727671,-4791.769328
50,Satellite/10150,-4419.928501,-1821.153481,-5014.654116
51,Satellite/10151,-4004.806707,-2219.719213,-5199.374358
52,Satellite/10152,-3559.205915,-2601.391542,-5344.524222
53,Satellite/10153,-3086.517417,-2963.265711,-5448.999029
54,Satellite/10154,-2590.338658,-3302.587638,-5512.003664
55,Satellite/10155,-2074.445858,-3616.774879,-5533.058623
56,Satellite/10156,-1542.765272,-3903.436279,-5512.003664
57,Satellite/10157,-999.3433103,-4160.390172,-5448.999029
58,Satellite/10158,-448.315743,-4385.680984,-5344.524222
59,Satellite/10159,106.1237777,-4577.594116,-5199.374358
60,Satellite/10160,659.7556325,-4734.668992,-5014.654116
61,Satellite/10161,1208.366348,-4855.710178,-4791.769328
62,Satellite/10162,1747.780667,-4939.796478,-4532.416282
63,Satellite/10163,2273.893319,-4986.287944,-4238.568811
64,Satellite/10164,2782.70027,-4994.830748,-3912.463273
65,Satellite/10165,3270.329192,-4965.359874,-3556.581526
66,Satellite/10166,3733.068934,-4898.099614,-3173.632047
67,Satellite/10167,4167.397767,-4793.561857,-2766.529311
68,Satellite/10168,4570.010187,-4652.542201,-2338.371617
69,Satellite/10169,4937.84207,-4476.113889,-1892.417503
70,Satellite/10170,5268.093993,-4265.619647,-1432.060949
71,Satellite/10171,5558.25254,-4022.661465,-960.8055467
72,Satellite/10172,5806.109429,-3749.088399,-482.2378339
73,Satellite/10201,6787.613177,-1337.321857,372.8290072
74,Satellite/10202,6806.692175,-970.1651385,852.5521057
75,Satellite/10203,6773.968136,-595.6248776,1325.786768
76,Satellite/10204,6689.690109,-216.5515518,1788.931392
77,Satellite/10205,6554.499501,164.1698622,2238.461168
78,Satellite/10206,6369.425194,543.6418443,2670.954904
79,Satellite/10207,6135.875716,918.9763838,3083.121059
80,Satellite/10208,5855.628518,1287.316958,3471.822802
81,Satellite/10209,5530.816452,1645.860273,3834.101876
82,Satellite/10210,5163.911532,1991.877597,4167.201121
83,Satellite/10211,4757.706128,2322.735531,4468.585449
84,Satellite/10212,4315.291708,2635.916044,4735.961143
85,Satellite/10213,3840.035312,2929.035645,4967.293313
86,Satellite/10214,3335.553928,3199.863515,5160.821382
87,Satellite/10215,2805.686965,3446.338493,5315.072484
88,Satellite/10216,2254.467031,3666.584753,5428.872675
89,Satellite/10217,1686.08924,3858.92609,5501.355866
90,Satellite/10218,1104.879293,4021.898668,5531.970418
91,Satellite/10219,515.2605469,4154.26217,5520.483335
92,Satellite/10220,-78.27964296,4255.009228,5466.98204
93,Satellite/10221,-671.2240775,4323.373096,5371.873711
94,Satellite/10222,-1259.060091,4358.833485,5235.882179
95,Satellite/10223,-1837.313898,4361.120519,5060.042423
96,Satellite/10224,-2401.584636,4330.216793,4845.692688
97,Satellite/10225,-2947.577865,4266.357502,4594.464306
98,Satellite/10226,-3471.138247,4170.028654,4308.269276
99,Satellite/10227,-3968.281171,4041.96337,3989.285716
100,Satellite/10228,-4435.223079,3883.136305,3639.941282
101,Satellite/10229,-4868.410261,3694.756227,3262.894698
102,Satellite/10230,-5264.545902,3478.256824,2861.015515
103,Satellite/10231,-5620.615169,3235.285786,2437.362276
104,Satellite/10232,-5933.908161,2967.69227,1995.159239
105,Satellite/10233,-6202.040529,2677.512823,1537.771835
106,Satellite/10234,-6422.971624,2366.955888,1068.681058
107,Satellite/10235,-6595.020026,2038.384988,591.4569741
108,Satellite/10236,-6716.876344,1694.300749,109.7315451
109,Satellite/10237,-6787.613177,1337.321857,-372.8290072
110,Satellite/10238,-6806.692175,970.1651385,-852.5521057
111,Satellite/10239,-6773.968136,595.6248776,-1325.786768
112,Satellite/10240,-6689.690109,216.5515518,-1788.931392
113,Satellite/10241,-6554.499501,-164.1698622,-2238.461168
114,Satellite/10242,-6369.425194,-543.6418443,-2670.954904
115,Satellite/10243,-6135.875716,-918.9763838,-3083.121059
116,Satellite/10244,-5855.628518,-1287.316958,-3471.822802
117,Satellite/10245,-5530.816452,-1645.860273,-3834.101876
118,Satellite/10246,-5163.911532,-1991.877597,-4167.201121
119,Satellite/10247,-4757.706128,-2322.735531,-4468.585449
120,Satellite/10248,-4315.291708,-2635.916044,-4735.961143
121,Satellite/10249,-3840.035312,-2929.035645,-4967.293313
122,Satellite/10250,-3335.553928,-3199.863515,-5160.821382
123,Satellite/10251,-2805.686965,-3446.338493,-5315.072484
124,Satellite/10252,-2254.467031,-3666.584753,-5428.872675
125,Satellite/10253,-1686.08924,-3858.92609,-5501.355866
126,Satellite/10254,-1104.879293,-4021.898668,-5531.970418
127,Satellite/10255,-515.2605469,-4154.26217,-5520.483335
128,Satellite/10256,78.27964296,-4255.009228,-5466.98204
129,Satellite/10257,671.2240775,-4323.373096,-5371.873711
130,Satellite/10258,1259.060091,-4358.833485,-5235.882179
131,Satellite/10259,1837.313898,-4361.120519,-5060.042423
132,Satellite/10260,2401.584636,-4330.216793,-4845.692688
133,Satellite/10261,2947.577865,-4266.357502,-4594.464306
134,Satellite/10262,3471.138247,-4170.028654,-4308.269276
135,Satellite/10263,3968.281171,-4041.96337,-3989.285716
136,Satellite/10264,4435.223079,-3883.136305,-3639.941282
137,Satellite/10265,4868.410261,-3694.756227,-3262.894698
138,Satellite/10266,5264.545902,-3478.256824,-2861.015515
139,Satellite/10267,5620.615169,-3235.285786,-2437.362276
140,Satellite/10268,5933.908161,-2967.69227,-1995.159239
141,Satellite/10269,6202.040529,-2677.512823,-1537.771835
142,Satellite/10270,6422.971624,-2366.955888,-1068.681058
143,Satellite/10271,6595.020026,-2038.384988,-591.4569741
144,Satellite/10272,6716.876344,-1694.300749,-109.7315451
145,Satellite/10301,6828.225836,906.0763631,743.9633164
146,Satellite/10302,6702.998997,1258.168915,1218.991093
147,Satellite/10303,6526.758288,1600.686043,1684.741612
148,Satellite/10304,6300.845008,1931.020982,2137.670229
149,Satellite/10305,6026.978493,2246.659687,2574.329885
150,Satellite/10306,5707.243032,2545.199954,2991.397337
151,Satellite/10307,5344.072006,2824.369713,3385.698448
152,Satellite/10308,4940.229364,3082.044313,3754.23235
153,Satellite/10309,4498.788595,3316.262695,4094.194277
154,Satellite/10310,4023.109327,3525.242315,4402.996913
155,Satellite/10311,3516.811769,3707.392713,4678.290084
156,Satellite/10312,2983.749149,3861.327613,4917.978643
157,Satellite/10313,2427.978397,3985.875479,5120.238415
158,Satellite/10314,1853.729263,4080.088426,5283.530081
159,Satellite/10315,1265.37213,4143.249436,5406.610892
160,Satellite/10316,667.3847513,4174.877816,5488.54413
161,Satellite/10317,64.31817149,4174.732856,5528.706233
162,Satellite/10318,-539.2379084,4142.815657,5526.791544
163,Satellite/10319,-1138.690062,4079.36913,5482.814633
164,Satellite/10320,-1729.476097,3984.87614,5397.110193
165,Satellite/10321,-2307.099775,3860.055837,5270.330485
166,Satellite/10322,-2867.16503,3705.858178,5103.44038
167,Satellite/10323,-3405.409428,3523.456701,4897.710012
168,Satellite/10324,-3917.736604,3314.239591,4654.705114
169,Satellite/10325,-4400.247439,3079.799116,4376.275099
170,Satellite/10326,-4849.269734,2821.919511,4064.538988
171,Satellite/10327,-5261.386158,2542.563394,3721.869281
172,Satellite/10328,-5633.460257,2243.856834,3350.873901
173,Satellite/10329,-5962.660321,1928.073169,2954.376348
174,Satellite/10330,-6246.48094,1597.615703,2535.394207
175,Satellite/10331,-6482.762068,1254.999417,2097.116185
176,Satellite/10332,-6669.705462,902.8318271,1642.877843
177,Satellite/10333,-6805.888369,543.7931422,1176.136208
178,Satellite/10334,-6890.274357,180.6158631,700.4434668
179,Satellite/10335,-6922.221197,-183.9360118,219.4199277
180,Satellite/10336,-6901.485753,-547.0880225,-263.2735296
181,Satellite/10337,-6828.225836,-906.0763631,-743.9633164
182,Satellite/10338,-6702.998997,-1258.168915,-1218.991093
183,Satellite/10339,-6526.758288,-1600.686043,-1684.741612
184,Satellite/10340,-6300.845008,-1931.020982,-2137.670229
185,Satellite/10341,-6026.978493,-2246.659687,-2574.329885
186,Satellite/10342,-5707.243032,-2545.199954,-2991.397337
187,Satellite/10343,-5344.072006,-2824.369713,-3385.698448
188,Satellite/10344,-4940.229364,-3082.044313,-3754.23235
189,Satellite/10345,-4498.788595,-3316.262695,-4094.194277
190,Satellite/10346,-4023.109327,-3525.242315,-4402.996913
191,Satellite/10347,-3516.811769,-3707.392713,-4678.290084
192,Satellite/10348,-2983.749149,-3861.327613,-4917.978643
193,Satellite/10349,-2427.978397,-3985.875479,-5120.238415
194,Satellite/10350,-1853.729263,-4080.088426,-5283.530081
195,Satellite/10351,-1265.37213,-4143.249436,-5406.610892
196,Satellite/10352,-667.3847513,-4174.877816,-5488.54413
197,Satellite/10353,-64.31817149,-4174.732856,-5528.706233
198,Satellite/10354,539.2379084,-4142.815657,-5526.791544
199,Satellite/10355,1138.690062,-4079.36913,-5482.814633
200,Satellite/10356,1729.476097,-3984.87614,-5397.110193
201,Satellite/10357,2307.099775,-3860.055837,-5270.330485
202,Satellite/10358,2867.16503,-3705.858178,-5103.44038
203,Satellite/10359,3405.409428,-3523.456701,-4897.710012
204,Satellite/10360,3917.736604,-3314.239591,-4654.705114
205,Satellite/10361,4400.247439,-3079.799116,-4376.275099
206,Satellite/10362,4849.269734,-2821.919511,-4064.538988
207,Satellite/10363,5261.386158,-2542.563394,-3721.869281
208,Satellite/10364,5633.460257,-2243.856834,-3350.873901
209,Satellite/10365,5962.660321,-1928.073169,-2954.376348
210,Satellite/10366,6246.48094,-1597.615703,-2535.394207
211,Satellite/10367,6482.762068,-1254.999417,-2097.116185
212,Satellite/10368,6669.705462,-902.8318271,-1642.877843
213,Satellite/10369,6805.888369,-543.7931422,-1176.136208
214,Satellite/10370,6890.274357,-180.6158631,-700.4434668
215,Satellite/10371,6922.221197,183.9360118,-219.4199277
216,Satellite/10372,6901.485753,547.0880225,263.2735296
217,Satellite/10401,6130.992471,3028.884756,1111.715933
218,Satellite/10402,5875.738749,3313.422446,1579.889144
219,Satellite/10403,5575.767107,3572.74299,2036.038445
220,Satellite/10404,5233.360511,3804.872803,2476.692264
221,Satellite/10405,4851.124882,4008.045237,2898.496959
222,Satellite/10406,4431.969263,4180.714026,3298.242342
223,Satellite/10407,3979.083681,4321.565057,3672.88611
224,Satellite/10408,3495.914871,4429.526368,4019.576997
225,Satellite/10409,2986.140037,4503.776309,4335.676475
226,Satellite/10410,2453.638874,4543.749793,4618.778838
227,Satellite/10411,1902.464038,4549.142598,4866.729504
228,Satellite/10412,1336.810302,4519.91368,5077.641421
229,Satellite/10413,760.9826328,4456.28549,5249.90942
230,Satellite/10414,179.3634259,4358.742277,5382.222439
231,Satellite/10415,-403.620845,4228.026403,5473.573495
232,Satellite/10416,-983.5333175,4065.132695,5523.267352
233,Satellite/10417,-1555.960508,3871.300873,5530.925809
234,Satellite/10418,-2116.545899,3648.006114,5496.490581
235,Satellite/10419,-2661.023098,3396.947825,5420.223741
236,Satellite/10420,-3185.248304,3120.036713,5302.705726
237,Satellite/10421,-3685.231847,2819.380237,5144.830918
238,Satellite/10422,-4157.168551,2497.266575,4947.80084
239,Satellite/10423,-4597.466692,2156.147206,4713.11501
240,Satellite/10424,-5002.775336,1798.618255,4442.559529
241,Satellite/10425,-5370.009838,1427.400734,4138.193488
242,Satellite/10426,-5696.375323,1045.319831,3802.333295
243,Satellite/10427,-5979.387952,655.2834126,3437.535051
244,Satellite/10428,-6216.893829,260.259892,3046.575088
245,Satellite/10429,-6407.085389,-136.7443636,2632.42885
246,Satellite/10430,-6548.515161,-532.7079119,2198.248239
247,Satellite/10431,-6640.106779,-924.6172314,1747.337631
248,Satellite/10432,-6681.163175,-1309.489655,1283.128729
249,Satellite/10433,-6671.371884,-1684.396073,809.1544426
250,Satellite/10434,-6610.807426,-2046.483219,329.0220022
251,Satellite/10435,-6499.930731,-2392.995391,-153.6144943
252,Satellite/10436,-6339.585638,-2721.295424,-635.0818918
253,Satellite/10437,-6130.992471,-3028.884756,-1111.715933
254,Satellite/10438,-5875.738749,-3313.422446,-1579.889144
255,Satellite/10439,-5575.767107,-3572.74299,-2036.038445
256,Satellite/10440,-5233.360511,-3804.872803,-2476.692264
257,Satellite/10441,-4851.124882,-4008.045237,-2898.496959
258,Satellite/10442,-4431.969263,-4180.714026,-3298.242342
259,Satellite/10443,-3979.083681,-4321.565057,-3672.88611
260,Satellite/10444,-3495.914871,-4429.526368,-4019.576997
261,Satellite/10445,-2986.140037,-4503.776309,-4335.676475
262,Satellite/10446,-2453.638874,-4543.749793,-4618.778838
263,Satellite/10447,-1902.464038,-4549.142598,-4866.729504
264,Satellite/10448,-1336.810302,-4519.91368,-5077.641421
265,Satellite/10449,-760.9826328,-4456.28549,-5249.90942
266,Satellite/10450,-179.3634259,-4358.742277,-5382.222439
267,Satellite/10451,403.620845,-4228.026403,-5473.573495
268,Satellite/10452,983.5333175,-4065.132695,-5523.267352
269,Satellite/10453,1555.960508,-3871.300873,-5530.925809
270,Satellite/10454,2116.545899,-3648.006114,-5496.490581
271,Satellite/10455,2661.023098,-3396.947825,-5420.223741
272,Satellite/10456,3185.248304,-3120.036713,-5302.705726
273,Satellite/10457,3685.231847,-2819.380237,-5144.830918
274,Satellite/10458,4157.168551,-2497.266575,-4947.80084
275,Satellite/10459,4597.466692,-2156.147206,-4713.11501
276,Satellite/10460,5002.775336,-1798.618255,-4442.559529
277,Satellite/10461,5370.009838,-1427.400734,-4138.193488
278,Satellite/10462,5696.375323,-1045.319831,-3802.333295
279,Satellite/10463,5979.387952,-655.2834126,-3437.535051
280,Satellite/10464,6216.893829,-260.259892,-3046.575088
281,Satellite/10465,6407.085389,136.7443636,-2632.42885
282,Satellite/10466,6548.515161,532.7079119,-2198.248239
283,Satellite/10467,6640.106779,924.6172314,-1747.337631
284,Satellite/10468,6681.163175,1309.489655,-1283.128729
285,Satellite/10469,6671.371884,1684.396073,-809.1544426
286,Satellite/10470,6610.807426,2046.483219,-329.0220022
287,Satellite/10471,6499.930731,2392.995391,153.6144943
288,Satellite/10472,6339.585638,2721.295424,635.0818918
289,Satellite/10501,4781.349484,4792.068519,1474.415233
290,Satellite/10502,4428.374887,4964.855321,1933.605792
291,Satellite/10503,4041.697683,5099.856576,2378.080444
292,Satellite/10504,3624.260719,5196.044844,2804.456468
293,Satellite/10505,3179.240943,5252.688072,3209.488885
294,Satellite/10506,2710.025224,5269.355173,3590.095154
295,Satellite/10507,2220.184576,5245.919299,3943.37863
296,Satellite/10508,1713.446983,5182.558811,4266.650614
297,Satellite/10509,1193.669024,5079.755922,4557.450811
298,Satellite/10510,664.8065227,4938.293023,4813.566055
299,Satellite/10511,130.8844425,4759.246732,5033.047155
300,Satellite/10512,-404.0337474,4543.9797,5214.223727
301,Satellite/10513,-935.8769964,4294.130238,5355.716908
302,Satellite/10514,-1460.597656,4011.599853,5456.44985
303,Satellite/10515,-1974.202286,3698.53877,5515.655914
304,Satellite/10516,-2472.782045,3357.329574,5532.884505
305,Satellite/10517,-2952.542439,2990.569073,5508.004505
306,Satellite/10518,-3409.832202,2601.048536,5441.205264
307,Satellite/10519,-3841.171083,2191.732448,5332.995166
308,Satellite/10520,-4243.276333,1765.735954,5184.197755
309,Satellite/10521,-4613.087688,1326.301142,4995.945468
310,Satellite/10522,-4947.79066,876.772378,4769.67102
311,Satellite/10523,-5244.837958,420.5708467,4507.096495
312,Satellite/10524,-5501.968872,-38.83148265,4210.220245
313,Satellite/10525,-5717.22648,-497.938281,3881.301676
314,Satellite/10526,-5888.972543,-953.2554684,3522.844058
315,Satellite/10527,-6015.899969,-1401.317806,3137.575469
316,Satellite/10528,-6097.042764,-1838.715269,2728.428037
317,Satellite/10529,-6131.783382,-2262.118999,2298.51562
318,Satellite/10530,-6119.857426,-2668.306637,1851.110111
319,Satellite/10531,-6061.355659,-3054.18685,1389.616536
320,Satellite/10532,-5956.723316,-3416.822857,917.5471405
321,Satellite/10533,-5806.756712,-3753.45478,438.4946571
322,Satellite/10534,-5612.597183,-4061.520645,-43.89503532
323,Satellite/10535,-5375.7224,-4338.675885,-525.95066
324,Satellite/10536,-5097.935124,-4582.811182,-1004.003483
325,Satellite/10537,-4781.349484,-4792.068519,-1474.415233
326,Satellite/10538,-4428.374887,-4964.855321,-1933.605792
327,Satellite/10539,-4041.697683,-5099.856576,-2378.080444
328,Satellite/10540,-3624.260719,-5196.044844,-2804.456468
329,Satellite/10541,-3179.240943,-5252.688072,-3209.488885
330,Satellite/10542,-2710.025224,-5269.355173,-3590.095154
331,Satellite/10543,-2220.184576,-5245.919299,-3943.37863
332,Satellite/10544,-1713.446983,-5182.558811,-4266.650614
333,Satellite/10545,-1193.669024,-5079.755922,-4557.450811
334,Satellite/10546,-664.8065227,-4938.293023,-4813.566055
335,Satellite/10547,-130.8844425,-4759.246732,-5033.047155
336,Satellite/10548,404.0337474,-4543.9797,-5214.223727
337,Satellite/10549,935.8769964,-4294.130238,-5355.716908
338,Satellite/10550,1460.597656,-4011.599853,-5456.44985
339,Satellite/10551,1974.202286,-3698.53877,-5515.655914
340,Satellite/10552,2472.782045,-3357.329574,-5532.884505
341,Satellite/10553,2952.542439,-2990.569073,-5508.004505
342,Satellite/10554,3409.832202,-2601.048536,-5441.205264
343,Satellite/10555,3841.171083,-2191.732448,-5332.995166
344,Satellite/10556,4243.276333,-1765.735954,-5184.197755
345,Satellite/10557,4613.087688,-1326.301142,-4995.945468
346,Satellite/10558,4947.79066,-876.772378,-4769.67102
347,Satellite/10559,5244.837958,-420.5708467,-4507.096495
348,Satellite/10560,5501.968872,38.83148265,-4210.220245
349,Satellite/10561,5717.22648,497.938281,-3881.301676
350,Satellite/10562,5888.972543,953.2554684,-3522.844058
351,Satellite/10563,6015.899969,1401.317806,-3137.575469
352,Satellite/10564,6097.042764,1838.715269,-2728.428037
353,Satellite/10565,6131.783382,2262.118999,-2298.51562
354,Satellite/10566,6119.857426,2668.306637,-1851.110111
355,Satellite/10567,6061.355659,3054.18685,-1389.616536
356,Satellite/10568,5956.723316,3416.822857,-917.5471405
357,Satellite/10569,5806.756712,3753.45478,-438.4946571
358,Satellite/10570,5612.597183,4061.520645,43.89503532
359,Satellite/10571,5375.7224,4338.675885,525.95066
360,Satellite/10572,5097.935124,4582.811182,1004.003483
361,Satellite/10601,2940.282194,6000.287854,1830.412563
362,Satellite/10602,2535.896084,6031.305107,2278.533215
363,Satellite/10603,2112.210273,6016.420487,2709.312855
364,Satellite/10604,1672.449268,5955.747274,3119.472987
365,Satellite/10605,1219.959913,5849.747228,3505.892046
366,Satellite/10606,758.1859266,5699.227073,3865.62915
367,Satellite/10607,290.6416877,5505.33236,4195.946482
368,Satellite/10608,-179.11451,5269.538742,4494.330128
369,Satellite/10609,-647.5075381,4993.640753,4758.509207
370,Satellite/10610,-1110.972643,4679.738143,4986.473159
371,Satellite/10611,-1565.982575,4330.219899,5176.487038
372,Satellite/10612,-2009.074434,3947.746068,5327.104726
373,Satellite/10613,-2436.876024,3535.227505,5437.17993
374,Satellite/10614,-2846.131515,3095.803727,5505.874912
375,Satellite/10615,-3233.726228,2632.819012,5532.666861
376,Satellite/10616,-3596.710331,2149.796955,5517.351874
377,Satellite/10617,-3932.321297,1650.413646,5460.046509
378,Satellite/10618,-4238.004923,1138.469692,5361.186892
379,Satellite/10619,-4511.434773,617.8612958,5221.525407
380,Satellite/10620,-4750.52988,92.55060241,5042.124959
381,Satellite/10621,-4953.470586,-433.4644569,4824.350897
382,Satellite/10622,-5118.71239,-956.18059,4569.860611
383,Satellite/10623,-5244.997702,-1471.619612,4280.590927
384,Satellite/10624,-5331.365415,-1975.858719,3958.743361
385,Satellite/10625,-5377.158217,-2465.060349,3606.767367
386,Satellite/10626,-5382.027599,-2935.501381,3227.341696
387,Satellite/10627,-5345.936501,-3383.601475,2823.354006
388,Satellite/10628,-5269.159598,-3805.950319,2397.878888
389,Satellite/10629,-5152.281209,-4199.333582,1954.154463
390,Satellite/10630,-4996.190849,-4560.757382,1495.557742
391,Satellite/10631,-4802.07646,-4887.471064,1025.578924
392,Satellite/10632,-4571.41537,-5176.98814,547.7948318
393,Satellite/10633,-4305.963048,-5427.10521,65.84168965
394,Satellite/10634,-4007.739747,-5635.918733,-416.6125475
395,Satellite/10635,-3679.015127,-5801.839511,-895.8961116
396,Satellite/10636,-3322.290981,-5923.604787,-1368.361365
397,Satellite/10637,-2940.282194,-6000.287854,-1830.412563
398,Satellite/10638,-2535.896084,-6031.305107,-2278.533215
399,Satellite/10639,-2112.210273,-6016.420487,-2709.312855
400,Satellite/10640,-1672.449268,-5955.747274,-3119.472987
401,Satellite/10641,-1219.959913,-5849.747228,-3505.892046
402,Satellite/10642,-758.1859266,-5699.227073,-3865.62915
403,Satellite/10643,-290.6416877,-5505.33236,-4195.946482
404,Satellite/10644,179.11451,-5269.538742,-4494.330128
405,Satellite/10645,647.5075381,-4993.640753,-4758.509207
406,Satellite/10646,1110.972643,-4679.738143,-4986.473159
407,Satellite/10647,1565.982575,-4330.219899,-5176.487038
408,Satellite/10648,2009.074434,-3947.746068,-5327.104726
409,Satellite/10649,2436.876024,-3535.227505,-5437.17993
410,Satellite/10650,2846.131515,-3095.803727,-5505.874912
411,Satellite/10651,3233.726228,-2632.819012,-5532.666861
412,Satellite/10652,3596.710331,-2149.796955,-5517.351874
413,Satellite/10653,3932.321297,-1650.413646,-5460.046509
414,Satellite/10654,4238.004923,-1138.469692,-5361.186892
415,Satellite/10655,4511.434773,-617.8612958,-5221.525407
416,Satellite/10656,4750.52988,-92.55060241,-5042.124959
417,Satellite/10657,4953.470586,433.4644569,-4824.350897
418,Satellite/10658,5118.71239,956.18059,-4569.860611
419,Satellite/10659,5244.997702,1471.619612,-4280.590927
420,Satellite/10660,5331.365415,1975.858719,-3958.743361
421,Satellite/10661,5377.158217,2465.060349,-3606.767367
422,Satellite/10662,5382.027599,2935.501381,-3227.341696
423,Satellite/10663,5345.936501,3383.601475,-2823.354006
424,Satellite/10664,5269.159598,3805.950319,-2397.878888
425,Satellite/10665,5152.281209,4199.333582,-1954.154463
426,Satellite/10666,4996.190849,4560.757382,-1495.557742
427,Satellite/10667,4802.07646,4887.471064,-1025.578924
428,Satellite/10668,4571.41537,5176.98814,-547.7948318
429,Satellite/10669,4305.963048,5427.10521,-65.84168965
430,Satellite/10670,4007.739747,5635.918733,416.6125475
431,Satellite/10671,3679.015127,5801.839511,895.8961116
432,Satellite/10672,3322.290981,5923.604787,1368.361365
433,Satellite/10701,824.7284039,6524.942301,2178.089734
434,Satellite/10702,423.4001311,6402.464062,2613.103542
435,Satellite/10703,18.84952766,6231.259206,3028.230055
436,Satellite/10704,-385.8445321,6012.630704,3420.309909
437,Satellite/10705,-787.602082,5748.242452,3786.359139
438,Satellite/10706,-1183.365504,5440.106605,4123.591889
439,Satellite/10707,-1570.122801,5090.568261,4429.441616
440,Satellite/10708,-1944.930515,4702.287619,4701.580617
441,Satellite/10709,-2304.936133,4278.219729,4937.937751
442,Satellite/10710,-2647.399796,3821.592004,5136.714197
443,Satellite/10711,-2969.715147,3335.879656,5296.397146
444,Satellite/10712,-3269.429173,2824.779249,5415.771315
445,Satellite/10713,-3544.260869,2292.180567,5493.928194
446,Satellite/10714,-3792.1186,1742.137006,5530.272962
447,Satellite/10715,-4011.116018,1178.834731,5524.529014
448,Satellite/10716,-4199.586422,606.5608122,5476.740064
449,Satellite/10717,-4356.095437,29.67059908,5387.269815
450,Satellite/10718,-4479.451935,-547.4454252,5256.79919
451,Satellite/10719,-4568.7171,-1120.395059,5086.321149
452,Satellite/10720,-4623.211569,-1684.81781,4877.133133
453,Satellite/10721,-4642.520606,-2236.418081,4630.827189
454,Satellite/10722,-4626.497258,-2770.997859,4349.277854
455,Satellite/10723,-4575.263472,-3284.488671,4034.627888
456,Satellite/10724,-4489.209169,-3772.98254,3689.271968
457,Satellite/10725,-4368.989273,-4232.761734,3315.83846
458,Satellite/10726,-4215.518731,-4660.327056,2917.16942
459,Satellite/10727,-4029.965546,-5052.424474,2496.298958
460,Satellite/10728,-3813.74189,-5406.069892,2056.430155
461,Satellite/10729,-3568.493355,-5718.571853,1600.910676
462,Satellite/10730,-3296.086431,-5987.55203,1133.207301
463,Satellite/10731,-2998.594299,-6210.96332,656.8795333
464,Satellite/10732,-2678.281054,-6387.10543,175.552516
465,Satellite/10733,-2337.584473,-6514.63781,-307.1105619
466,Satellite/10734,-1979.097462,-6592.589863,-787.436343
467,Satellite/10735,-1605.548325,-6620.368326,-1261.769258
468,Satellite/10736,-1219.779996,-6597.761789,-1726.499347
469,Satellite/10737,-824.7284039,-6524.942301,-2178.089734
470,Satellite/10738,-423.4001311,-6402.464062,-2613.103542
471,Satellite/10739,-18.84952766,-6231.259206,-3028.230055
472,Satellite/10740,385.8445321,-6012.630704,-3420.309909
473,Satellite/10741,787.602082,-5748.242452,-3786.359139
474,Satellite/10742,1183.365504,-5440.106605,-4123.591889
475,Satellite/10743,1570.122801,-5090.568261,-4429.441616
476,Satellite/10744,1944.930515,-4702.287619,-4701.580617
477,Satellite/10745,2304.936133,-4278.219729,-4937.937751
478,Satellite/10746,2647.399796,-3821.592004,-5136.714197
479,Satellite/10747,2969.715147,-3335.879656,-5296.397146
480,Satellite/10748,3269.429173,-2824.779249,-5415.771315
481,Satellite/10749,3544.260869,-2292.180567,-5493.928194
482,Satellite/10750,3792.1186,-1742.137006,-5530.272962
483,Satellite/10751,4011.116018,-1178.834731,-5524.529014
484,Satellite/10752,4199.586422,-606.5608122,-5476.740064
485,Satellite/10753,4356.095437,-29.67059908,-5387.269815
486,Satellite/10754,4479.451935,547.4454252,-5256.79919
487,Satellite/10755,4568.7171,1120.395059,-5086.321149
488,Satellite/10756,4623.211569,1684.81781,-4877.133133
489,Satellite/10757,4642.520606,2236.418081,-4630.827189
490,Satellite/10758,4626.497258,2770.997859,-4349.277854
491,Satellite/10759,4575.263472,3284.488671,-4034.627888
492,Satellite/10760,4489.209169,3772.98254,-3689.271968
493,Satellite/10761,4368.989273,4232.761734,-3315.83846
494,Satellite/10762,4215.518731,4660.327056,-2917.16942
495,Satellite/10763,4029.965546,5052.424474,-2496.298958
496,Satellite/10764,3813.74189,5406.069892,-2056.430155
497,Satellite/10765,3568.493355,5718.571853,-1600.910676
498,Satellite/10766,3296.086431,5987.55203,-1133.207301
499,Satellite/10767,2998.594299,6210.96332,-656.8795333
500,Satellite/10768,2678.281054,6387.10543,-175.552516
501,Satellite/10769,2337.584473,6514.63781,307.1105619
502,Satellite/10770,1979.097462,6592.589863,787.436343
503,Satellite/10771,1605.548325,6620.368326,1261.769258
504,Satellite/10772,1219.779996,6597.761789,1726.499347
505,Satellite/10801,-1318.698389,6319.064393,2515.866376
506,Satellite/10802,-1661.275553,6051.478279,2935.79598
507,Satellite/10803,-1991.209408,5737.836761,3333.382405
508,Satellite/10804,-2305.988957,5380.526841,3705.599777
509,Satellite/10805,-2603.218537,4982.267863,4049.615297
510,Satellite/10806,-2880.636053,4546.090818,4362.810799
511,Satellite/10807,-3136.130189,4075.315276,4642.802677
512,Satellite/10808,-3367.75648,3573.524125,4887.460023
513,Satellite/10809,-3573.752111,3044.536298,5094.920847
514,Satellite/10810,-3752.549331,2492.377711,5263.606247
515,Satellite/10811,-3902.787384,1921.250624,5392.232426
516,Satellite/10812,-4023.322869,1335.501661,5479.820459
517,Satellite/10813,-4113.238437,739.5887228,5525.70375
518,Satellite/10814,-4171.849778,138.0470683,5529.5331
519,Satellite/10815,-4198.710822,-464.5452078,5491.279363
520,Satellite/10816,-4193.617142,-1063.602014,5411.233675
521,Satellite/10817,-4156.607503,-1654.564167,5290.005231
522,Satellite/10818,-4087.963571,-2232.934088,5128.516653
523,Satellite/10819,-3988.207768,-2794.310032,4927.996966
524,Satellite/10820,-3858.099296,-3334.419589,4689.972248
525,Satellite/10821,-3698.628359,-3849.1522,4416.254008
526,Satellite/10822,-3511.008626,-4334.590438,4108.925409
527,Satellite/10823,-3296.667998,-4787.039826,3770.325406
528,Satellite/10824,-3057.237736,-5203.056951,3403.030951
529,Satellite/10825,-2794.540049,-5579.47567,3009.837375
530,Satellite/10826,-2510.574224,-5913.43121,2593.737119
531,Satellite/10827,-2207.501414,-6202.381969,2157.896958
532,Satellite/10828,-1887.628185,-6444.128855,1705.633898
533,Satellite/10829,-1553.388966,-6636.83203,1240.389934
534,Satellite/10830,-1207.327518,-6779.024905,765.7058536
535,Satellite/10831,-852.0775798,-6869.625308,285.1942894
536,Satellite/10832,-490.3428163,-6907.943714,-197.4877755
537,Satellite/10833,-124.8762478,-6893.688498,-678.6668392
538,Satellite/10834,241.5407043,-6826.968149,-1154.680839
539,Satellite/10835,606.1193858,-6708.290451,-1621.907019
540,Satellite/10836,966.0851328,-6538.558611,-2076.789509
541,Satellite/10837,1318.698389,-6319.064393,-2515.866376
542,Satellite/10838,1661.275553,-6051.478279,-2935.79598
543,Satellite/10839,1991.209408,-5737.836761,-3333.382405
544,Satellite/10840,2305.988957,-5380.526841,-3705.599777
545,Satellite/10841,2603.218537,-4982.267863,-4049.615297
546,Satellite/10842,2880.636053,-4546.090818,-4362.810799
547,Satellite/10843,3136.130189,-4075.315276,-4642.802677
548,Satellite/10844,3367.75648,-3573.524125,-4887.460023
549,Satellite/10845,3573.752111,-3044.536298,-5094.920847
550,Satellite/10846,3752.549331,-2492.377711,-5263.606247
551,Satellite/10847,3902.787384,-1921.250624,-5392.232426
552,Satellite/10848,4023.322869,-1335.501661,-5479.820459
553,Satellite/10849,4113.238437,-739.5887228,-5525.70375
554,Satellite/10850,4171.849778,-138.0470683,-5529.5331
555,Satellite/10851,4198.710822,464.5452078,-5491.279363
556,Satellite/10852,4193.617142,1063.602014,-5411.233675
557,Satellite/10853,4156.607503,1654.564167,-5290.005231
558,Satellite/10854,4087.963571,2232.934088,-5128.516653
559,Satellite/10855,3988.207768,2794.310032,-4927.996966
560,Satellite/10856,3858.099296,3334.419589,-4689.972248
561,Satellite/10857,3698.628359,3849.1522,-4416.254008
562,Satellite/10858,3511.008626,4334.590438,-4108.925409
563,Satellite/10859,3296.667998,4787.039826,-3770.325406
564,Satellite/10860,3057.237736,5203.056951,-3403.030951
565,Satellite/10861,2794.540049,5579.47567,-3009.837375
566,Satellite/10862,2510.574224,5913.43121,-2593.737119
567,Satellite/10863,2207.501414,6202.381969,-2157.896958
568,Satellite/10864,1887.628185,6444.128855,-1705.633898
569,Satellite/10865,1553.388966,6636.83203,-1240.389934
570,Satellite/10866,1207.327518,6779.024905,-765.7058536
571,Satellite/10867,852.0775798,6869.625308,-285.1942894
572,Satellite/10868,490.3428163,6907.943714,197.4877755
573,Satellite/10869,124.8762478,6893.688498,678.6668392
574,Satellite/10870,-241.5407043,6826.968149,1154.680839
575,Satellite/10871,-606.1193858,6708.290451,1621.907019
576,Satellite/10872,-966.0851328,6538.558611,2076.789509
577,Satellite/10901,-3243.447896,5422.271506,2842.207121
578,Satellite/10902,-3477.519693,5037.362686,3245.143727
579,Satellite/10903,-3685.125466,4614.116494,3623.382831
580,Satellite/10904,-3864.685209,4155.754089,3974.045803
581,Satellite/10905,-4014.832364,3665.763887,4294.463887
582,Satellite/10906,-4134.42422,3147.875008,4582.198507
583,Satellite/10907,-4222.550612,2606.028899,4835.059831
584,Satellite/10908,-4278.540844,2044.349337,5051.123429
585,Satellite/10909,-4301.968796,1467.111042,5228.744928
586,Satellite/10910,-4292.656169,878.7071459,5366.572521
587,Satellite/10911,-4250.673836,283.615758,5463.557257
588,Satellite/10912,-4176.341308,-313.6341171,5518.961023
589,Satellite/10913,-4070.224302,-908.4970472,5532.362164
590,Satellite/10914,-3933.13043,-1496.445766,5503.658687
591,Satellite/10915,-3766.103062,-2073.005629,5433.069045
592,Satellite/10916,-3570.413375,-2633.788668,5321.130467
593,Satellite/10917,-3347.550686,-3174.526984,5168.694873
594,Satellite/10918,-3099.211115,-3691.105234,4976.92239
595,Satellite/10919,-2827.284677,-4179.591943,4747.272523
596,Satellite/10920,-2533.840894,-4636.269435,4481.493045
597,Satellite/10921,-2221.113053,-5057.662116,4181.606699
598,Satellite/10922,-1891.4812,-5440.562935,3849.895801
599,Satellite/10923,-1547.454033,-5782.057785,3488.884872
600,Satellite/10924,-1191.649807,-6079.547684,3101.321422
601,Satellite/10925,-826.7764057,-6330.768554,2690.155043
602,Satellite/10926,-455.610737,-6533.808452,2258.51496
603,Satellite/10927,-80.97759544,-6687.122123,1809.686215
604,Satellite/10928,294.2718345,-6789.542757,1347.084664
605,Satellite/10929,667.2816781,-6840.290871,874.2309864
606,Satellite/10930,1035.213105,-6838.980241,394.7238827
607,Satellite/10931,1395.265935,-6785.620842,-87.787308
608,Satellite/10932,1744.699949,-6680.618772,-569.6303843
609,Satellite/10933,2080.855743,-6524.773158,-1047.138229
610,Satellite/10934,2401.174969,-6319.270081,-1516.67672
611,Satellite/10935,2703.219803,-6065.673543,-1974.672386
612,Satellite/10936,2984.691502,-5765.913567,-2417.639602
613,Satellite/10937,3243.447896,-5422.271506,-2842.207121
614,Satellite/10938,3477.519693,-5037.362686,-3245.143727
615,Satellite/10939,3685.125466,-4614.116494,-3623.382831
616,Satellite/10940,3864.685209,-4155.754089,-3974.045803
617,Satellite/10941,4014.832364,-3665.763887,-4294.463887
618,Satellite/10942,4134.42422,-3147.875008,-4582.198507
619,Satellite/10943,4222.550612,-2606.028899,-4835.059831
620,Satellite/10944,4278.540844,-2044.349337,-5051.123429
621,Satellite/10945,4301.968796,-1467.111042,-5228.744928
622,Satellite/10946,4292.656169,-878.7071459,-5366.572521
623,Satellite/10947,4250.673836,-283.615758,-5463.557257
624,Satellite/10948,4176.341308,313.6341171,-5518.961023
625,Satellite/10949,4070.224302,908.4970472,-5532.362164
626,Satellite/10950,3933.13043,1496.445766,-5503.658687
627,Satellite/10951,3766.103062,2073.005629,-5433.069045
628,Satellite/10952,3570.413375,2633.788668,-5321.130467
629,Satellite/10953,3347.550686,3174.526984,-5168.694873
630,Satellite/10954,3099.211115,3691.105234,-4976.92239
631,Satellite/10955,2827.284677,4179.591943,-4747.272523
632,Satellite/10956,2533.840894,4636.269435,-4481.493045
633,Satellite/10957,2221.113053,5057.662116,-4181.606699
634,Satellite/10958,1891.4812,5440.562935,-3849.895801
635,Satellite/10959,1547.454033,5782.057785,-3488.884872
636,Satellite/10960,1191.649807,6079.547684,-3101.321422
637,Satellite/10961,826.7764057,6330.768554,-2690.155043
638,Satellite/10962,455.610737,6533.808452,-2258.51496
639,Satellite/10963,80.97759544,6687.122123,-1809.686215
640,Satellite/10964,-294.2718345,6789.542757,-1347.084664
641,Satellite/10965,-667.2816781,6840.290871,-874.2309864
642,Satellite/10966,-1035.213105,6838.980241,-394.7238827
643,Satellite/10967,-1395.265935,6785.620842,87.787308
644,Satellite/10968,-1744.699949,6680.618772,569.6303843
645,Satellite/10969,-2080.855743,6524.773158,1047.138229
646,Satellite/10970,-2401.174969,6319.270081,1516.67672
647,Satellite/10971,-2703.219803,6065.673543,1974.672386
648,Satellite/10972,-2984.691502,5765.913567,2417.639602
649,Satellite/11001,-4732.598161,3955.205019,3155.628584
650,Satellite/11002,-4820.841728,3496.976565,3539.74064
651,Satellite/11003,-4872.395779,3012.134007,3896.913132
652,Satellite/11004,-4886.867956,2504.367291,4224.427762
653,Satellite/11005,-4864.148116,1977.540827,4519.791947
654,Satellite/11006,-4804.409173,1435.664083,4780.757785
655,Satellite/11007,-4708.105775,882.8610694,5005.33917
656,Satellite/11008,-4575.970849,323.3389496,5191.826901
657,Satellite/11009,-4409.010022,-238.6439748,5338.801695
658,Satellite/11010,-4208.493966,-798.8106745,5445.144985
659,Satellite/11011,-3975.94873,-1352.897943,5510.047433
660,Satellite/11012,-3713.144124,-1896.688841,5533.015093
661,Satellite/11013,-3422.080248,-2426.044791,5513.873167
662,Satellite/11014,-3104.972276,-2936.937076,5452.767338
663,Satellite/11015,-2764.23359,-3425.477496,5350.162656
664,Satellite/11016,-2402.457417,-3887.947964,5206.840006
665,Satellite/11017,-2022.397092,-4320.828801,5023.890159
666,Satellite/11018,-1626.945105,-4720.825521,4802.705475
667,Satellite/11019,-1219.111083,-5084.893909,4544.969303
668,Satellite/11020,-801.9988891,-5410.263184,4252.643169
669,Satellite/11021,-378.7829997,-5694.457089,3927.951853
670,Satellite/11022,47.31565704,-5935.312737,3573.366452
671,Satellite/11023,473.0542131,-6130.997071,3191.585575
672,Satellite/11024,895.1925409,-6280.020816,2785.514804
673,Satellite/11025,1310.517913,-6381.249811,2358.244583
674,Satellite/11026,1715.869452,-6433.913641,1913.026698
675,Satellite/11027,2108.162189,-6437.611503,1453.249524
676,Satellite/11028,2484.410539,-6392.315255,982.4122435
677,Satellite/11029,2841.751024,-6298.369628,504.0982128
678,Satellite/11030,3177.464068,-6156.489605,21.94769032
679,Satellite/11031,3488.994692,-5967.754979,-460.3698673
680,Satellite/11032,3773.97196,-5733.602133,-939.1837323
681,Satellite/11033,4030.227022,-5455.813114,-1410.849842
682,Satellite/11034,4255.809623,-5136.502062,-1871.778533
683,Satellite/11035,4449.002943,-4778.099129,-2318.461858
684,Satellite/11036,4608.336664,-4383.331976,-2747.500289
685,Satellite/11037,4732.598161,-3955.205019,-3155.628584
686,Satellite/11038,4820.841728,-3496.976565,-3539.74064
687,Satellite/11039,4872.395779,-3012.134007,-3896.913132
688,Satellite/11040,4886.867956,-2504.367291,-4224.427762
689,Satellite/11041,4864.148116,-1977.540827,-4519.791947
690,Satellite/11042,4804.409173,-1435.664083,-4780.757785
691,Satellite/11043,4708.105775,-882.8610694,-5005.33917
692,Satellite/11044,4575.970849,-323.3389496,-5191.826901
693,Satellite/11045,4409.010022,238.6439748,-5338.801695
694,Satellite/11046,4208.493966,798.8106745,-5445.144985
695,Satellite/11047,3975.94873,1352.897943,-5510.047433
696,Satellite/11048,3713.144124,1896.688841,-5533.015093
697,Satellite/11049,3422.080248,2426.044791,-5513.873167
698,Satellite/11050,3104.972276,2936.937076,-5452.767338
699,Satellite/11051,2764.23359,3425.477496,-5350.162656
700,Satellite/11052,2402.457417,3887.947964,-5206.840006
701,Satellite/11053,2022.397092,4320.828801,-5023.890159
702,Satellite/11054,1626.945105,4720.825521,-4802.705475
703,Satellite/11055,1219.111083,5084.893909,-4544.969303
704,Satellite/11056,801.9988891,5410.263184,-4252.643169
705,Satellite/11057,378.7829997,5694.457089,-3927.951853
706,Satellite/11058,-47.31565704,5935.312737,-3573.366452
707,Satellite/11059,-473.0542131,6130.997071,-3191.585575
708,Satellite/11060,-895.1925409,6280.020816,-2785.514804
709,Satellite/11061,-1310.517913,6381.249811,-2358.244583
710,Satellite/11062,-1715.869452,6433.913641,-1913.026698
711,Satellite/11063,-2108.162189,6437.611503,-1453.249524
712,Satellite/11064,-2484.410539,6392.315255,-982.4122435
713,Satellite/11065,-2841.751024,6298.369628,-504.0982128
714,Satellite/11066,-3177.464068,6156.489605,-21.94769032
715,Satellite/11067,-3488.994692,5967.754979,460.3698673
716,Satellite/11068,-3773.97196,5733.602133,939.1837323
717,Satellite/11069,-4030.227022,5455.813114,1410.849842
718,Satellite/11070,-4255.809623,5136.502062,1871.778533
719,Satellite/11071,-4449.002943,4778.099129,2318.461858
720,Satellite/11072,-4608.336664,4383.331976,2747.500289
721,Satellite/11101,-5624.640319,2104.17463,3454.706105
722,Satellite/11102,-5547.16838,1627.584683,3818.247625
723,Satellite/11103,-5427.47914,1138.607834,4152.729975
724,Satellite/11104,-5266.483507,640.9654921,4455.607542
725,Satellite/11105,-5065.406754,138.4450157,4724.575245
726,Satellite/11106,-4825.779198,-365.1291109,4957.586079
727,Satellite/11107,-4549.424547,-865.9243845,5152.866688
728,Satellite/11108,-4238.446029,-1360.129451,5308.930871
729,Satellite/11109,-3895.210378,-1843.98311,5424.590884
730,Satellite/11110,-3522.329823,-2313.802945,5498.966485
731,Satellite/11111,-3122.642212,-2766.013343,5531.491631
732,Satellite/11112,-2699.189408,-3197.172708,5521.918785
733,Satellite/11113,-2255.194143,-3603.999659,5470.320804
734,Satellite/11114,-1794.035488,-3983.397996,5377.090378
735,Satellite/11115,-1319.22314,-4332.48027,5242.937047
736,Satellite/11116,-834.370708,-4648.589752,5068.8818
737,Satellite/11117,-343.1682107,-4929.32066,4856.249301
738,Satellite/11118,150.646004,-5172.53646,4606.657813
739,Satellite/11119,643.3137115,-5376.386136,4322.006878
740,Satellite/11120,1131.085413,-5539.318266,4004.46286
741,Satellite/11121,1610.248872,-5660.092839,3656.442462
742,Satellite/11122,2077.157365,-5737.790689,3280.594329
743,Satellite/11123,2528.257436,-5771.820486,2879.778893
744,Satellite/11124,2960.115941,-5761.923245,2457.0466
745,Satellite/11125,3369.446176,-5708.174289,2015.614699
746,Satellite/11126,3753.132892,-5610.982679,1558.842753
747,Satellite/11127,4108.256,-5471.088104,1090.207072
748,Satellite/11128,4432.112799,-5289.555244,613.2742577
749,Satellite/11129,4722.238544,-5067.765675,131.6740556
750,Satellite/11130,4976.425202,-4807.40735,-350.9282655
751,Satellite/11131,5192.738259,-4510.461751,-830.8598107
752,Satellite/11132,5369.531443,-4179.188815,-1304.468011
753,Satellite/11133,5505.45925,-3816.109729,-1768.148422
754,Satellite/11134,5599.487188,-3423.987744,-2218.372156
755,Satellite/11135,5650.899648,-3005.807144,-2651.712738
756,Satellite/11136,5659.305349,-2564.750537,-3064.872186
757,Satellite/11137,5624.640319,-2104.17463,-3454.706105
758,Satellite/11138,5547.16838,-1627.584683,-3818.247625
759,Satellite/11139,5427.47914,-1138.607834,-4152.729975
760,Satellite/11140,5266.483507,-640.9654921,-4455.607542
761,Satellite/11141,5065.406754,-138.4450157,-4724.575245
762,Satellite/11142,4825.779198,365.1291109,-4957.586079
763,Satellite/11143,4549.424547,865.9243845,-5152.866688
764,Satellite/11144,4238.446029,1360.129451,-5308.930871
765,Satellite/11145,3895.210378,1843.98311,-5424.590884
766,Satellite/11146,3522.329823,2313.802945,-5498.966485
767,Satellite/11147,3122.642212,2766.013343,-5531.491631
768,Satellite/11148,2699.189408,3197.172708,-5521.918785
769,Satellite/11149,2255.194143,3603.999659,-5470.320804
770,Satellite/11150,1794.035488,3983.397996,-5377.090378
771,Satellite/11151,1319.22314,4332.48027,-5242.937047
772,Satellite/11152,834.370708,4648.589752,-5068.8818
773,Satellite/11153,343.1682107,4929.32066,-4856.249301
774,Satellite/11154,-150.646004,5172.53646,-4606.657813
775,Satellite/11155,-643.3137115,5376.386136,-4322.006878
776,Satellite/11156,-1131.085413,5539.318266,-4004.46286
777,Satellite/11157,-1610.248872,5660.092839,-3656.442462
778,Satellite/11158,-2077.157365,5737.790689,-3280.594329
779,Satellite/11159,-2528.257436,5771.820486,-2879.778893
780,Satellite/11160,-2960.115941,5761.923245,-2457.0466
781,Satellite/11161,-3369.446176,5708.174289,-2015.614699
782,Satellite/11162,-3753.132892,5610.982679,-1558.842753
783,Satellite/11163,-4108.256,5471.088104,-1090.207072
784,Satellite/11164,-4432.112799,5289.555244,-613.2742577
785,Satellite/11165,-4722.238544,5067.765675,-131.6740556
786,Satellite/11166,-4976.425202,4807.40735,350.9282655
787,Satellite/11167,-5192.738259,4510.461751,830.8598107
788,Satellite/11168,-5369.531443,4179.188815,1304.468011
789,Satellite/11169,-5505.45925,3816.109729,1768.148422
790,Satellite/11170,-5599.487188,3423.987744,2218.372156
791,Satellite/11171,-5650.899648,3005.807144,2651.712738
792,Satellite/11172,-5659.305349,2564.750537,3064.872186
793,Satellite/11201,-5832.348662,97.92439198,3738.080224
794,Satellite/11202,-5589.5893,-337.8185225,4079.398726
795,Satellite/11203,-5304.289788,-770.990434,4389.67054
796,Satellite/11204,-4978.621429,-1198.294643,4666.534311
797,Satellite/11205,-4615.062753,-1616.479106,4907.882939
798,Satellite/11206,-4216.380664,-2022.361187,5111.879614
799,Satellite/11207,-3785.609372,-2412.851878,5276.971798
800,Satellite/11208,-3326.027307,-2784.97931,5401.90304
801,Satellite/11209,-2841.132166,-3135.911367,5485.722539
802,Satellite/11210,-2334.614293,-3462.977245,5527.792377
803,Satellite/11211,-1810.328596,-3763.687776,5527.792377
804,Satellite/11212,-1272.265205,-4035.75437,5485.722539
805,Satellite/11213,-724.5191083,-4277.106436,5401.90304
806,Satellite/11214,-171.2589833,-4485.90714,5276.971798
807,Satellite/11215,383.3045261,-4660.567381,5111.879614
808,Satellite/11216,934.9508565,-4799.757891,4907.882939
809,Satellite/11217,1479.481646,-4902.419345,4666.534311
810,Satellite/11218,2012.752688,-4967.770428,4389.67054
811,Satellite/11219,2530.705466,-4995.313778,4079.398726
812,Satellite/11220,3029.398047,-4984.839774,3738.080224
813,Satellite/11221,3505.03508,-4936.42813,3368.312674
814,Satellite/11222,3953.996679,-4850.447286,2972.910231
815,Satellite/11223,4372.865977,-4727.551611,2554.882146
816,Satellite/11224,4758.455124,-4568.676412,2117.409865
817,Satellite/11225,5107.829554,-4375.030828,1663.822817
818,Satellite/11226,5418.330317,-4148.088617,1197.573072
819,Satellite/11227,5687.594314,-3889.576947,722.2090733
820,Satellite/11228,5913.572285,-3601.463248,241.3486274
821,Satellite/11229,6094.5444,-3285.940239,-241.3486274
822,Satellite/11230,6229.133352,-2945.409241,-722.2090733
823,Satellite/11231,6316.314838,-2582.4619,-1197.573072
824,Satellite/11232,6355.425354,-2199.860465,-1663.822817
825,Satellite/11233,6346.167246,-1800.516763,-2117.409865
826,Satellite/11234,6288.610973,-1387.470041,-2554.882146
827,Satellite/11235,6183.194573,-963.8638349,-2972.910231
828,Satellite/11236,6030.720329,-532.9220427,-3368.312674
829,Satellite/11237,5832.348662,-97.92439198,-3738.080224
830,Satellite/11238,5589.5893,337.8185225,-4079.398726
831,Satellite/11239,5304.289788,770.990434,-4389.67054
832,Satellite/11240,4978.621429,1198.294643,-4666.534311
833,Satellite/11241,4615.062753,1616.479106,-4907.882939
834,Satellite/11242,4216.380664,2022.361187,-5111.879614
835,Satellite/11243,3785.609372,2412.851878,-5276.971798
836,Satellite/11244,3326.027307,2784.97931,-5401.90304
837,Satellite/11245,2841.132166,3135.911367,-5485.722539
838,Satellite/11246,2334.614293,3462.977245,-5527.792377
839,Satellite/11247,1810.328596,3763.687776,-5527.792377
840,Satellite/11248,1272.265205,4035.75437,-5485.722539
841,Satellite/11249,724.5191083,4277.106436,-5401.90304
842,Satellite/11250,171.2589833,4485.90714,-5276.971798
843,Satellite/11251,-383.3045261,4660.567381,-5111.879614
844,Satellite/11252,-934.9508565,4799.757891,-4907.882939
845,Satellite/11253,-1479.481646,4902.419345,-4666.534311
846,Satellite/11254,-2012.752688,4967.770428,-4389.67054
847,Satellite/11255,-2530.705466,4995.313778,-4079.398726
848,Satellite/11256,-3029.398047,4984.839774,-3738.080224
849,Satellite/11257,-3505.03508,4936.42813,-3368.312674
850,Satellite/11258,-3953.996679,4850.447286,-2972.910231
851,Satellite/11259,-4372.865977,4727.551611,-2554.882146
852,Satellite/11260,-4758.455124,4568.676412,-2117.409865
853,Satellite/11261,-5107.829554,4375.030828,-1663.822817
854,Satellite/11262,-5418.330317,4148.088617,-1197.573072
855,Satellite/11263,-5687.594314,3889.576947,-722.2090733
856,Satellite/11264,-5913.572285,3601.463248,-241.3486274
857,Satellite/11265,-6094.5444,3285.940239,241.3486274
858,Satellite/11266,-6229.133352,2945.409241,722.2090733
859,Satellite/11267,-6316.314838,2582.4619,1197.573072
860,Satellite/11268,-6355.425354,2199.860465,1663.822817
861,Satellite/11269,-6346.167246,1800.516763,2117.409865
862,Satellite/11270,-6288.610973,1387.470041,2554.882146
863,Satellite/11271,-6183.194573,963.8638349,2972.910231
864,Satellite/11272,-6030.720329,532.9220427,3368.312674
865,Satellite/11301,-5352.458346,-1820.601745,4004.46286
866,Satellite/11302,-4965.534919,-2159.361798,4322.006878
867,Satellite/11303,-4540.820773,-2481.687804,4606.657813
868,Satellite/11304,-4081.548239,-2785.126668,4856.249301
869,Satellite/11305,-3591.212659,-3067.369036,5068.8818
870,Satellite/11306,-3073.545781,-3326.266873,5242.937047
871,Satellite/11307,-2532.487365,-3559.849811,5377.090378
872,Satellite/11308,-1972.15519,-3766.340143,5470.320804
873,Satellite/11309,-1396.813724,-3944.166351,5521.918785
874,Satellite/11310,-810.8416615,-4091.975073,5531.491631
875,Satellite/11311,-218.6986046,-4208.641393,5498.966485
876,Satellite/11312,375.1088808,-4293.277411,5424.590884
877,Satellite/11313,966.061561,-4345.238995,5308.930871
878,Satellite/11314,1549.661929,-4364.130687,5152.866688
879,Satellite/11315,2121.468435,-4349.80871,4957.586079
880,Satellite/11316,2677.129285,-4302.382061,4724.575245
881,Satellite/11317,3212.415564,-4222.211688,4455.607542
882,Satellite/11318,3723.253421,-4109.907734,4152.729975
883,Satellite/11319,4205.755072,-3966.3249,3818.247625
884,Satellite/11320,4656.248387,-3792.555939,3454.706105
885,Satellite/11321,5071.30484,-3589.923337,3064.872186
886,Satellite/11322,5447.765601,-3359.969251,2651.712738
887,Satellite/11323,5782.765577,-3104.443771,2218.372156
888,Satellite/11324,6073.755214,-2825.291598,1768.148422
889,Satellite/11325,6318.519907,-2524.637251,1304.468011
890,Satellite/11326,6515.196849,-2204.768889,830.8598107
891,Satellite/11327,6662.289208,-1868.120906,350.9282655
892,Satellite/11328,6758.677524,-1517.255394,-131.6740556
893,Satellite/11329,6803.628223,-1154.842652,-613.2742577
894,Satellite/11330,6796.799203,-783.6408605,-1090.207072
895,Satellite/11331,6738.242437,-406.4750889,-1558.842753
896,Satellite/11332,6628.403577,-26.21579642,-2015.614699
897,Satellite/11333,6468.118564,354.2430141,-2457.0466
898,Satellite/11334,6258.607263,732.0058214,-2879.778893
899,Satellite/11335,6001.464181,1104.197622,-3280.594329
900,Satellite/11336,5698.646334,1467.985813,-3656.442462
901,Satellite/11337,5352.458346,1820.601745,-4004.46286
902,Satellite/11338,4965.534919,2159.361798,-4322.006878
903,Satellite/11339,4540.820773,2481.687804,-4606.657813
904,Satellite/11340,4081.548239,2785.126668,-4856.249301
905,Satellite/11341,3591.212659,3067.369036,-5068.8818
906,Satellite/11342,3073.545781,3326.266873,-5242.937047
907,Satellite/11343,2532.487365,3559.849811,-5377.090378
908,Satellite/11344,1972.15519,3766.340143,-5470.320804
909,Satellite/11345,1396.813724,3944.166351,-5521.918785
910,Satellite/11346,810.8416615,4091.975073,-5531.491631
911,Satellite/11347,218.6986046,4208.641393,-5498.966485
912,Satellite/11348,-375.1088808,4293.277411,-5424.590884
913,Satellite/11349,-966.061561,4345.238995,-5308.930871
914,Satellite/11350,-1549.661929,4364.130687,-5152.866688
915,Satellite/11351,-2121.468435,4349.80871,-4957.586079
916,Satellite/11352,-2677.129285,4302.382061,-4724.575245
917,Satellite/11353,-3212.415564,4222.211688,-4455.607542
918,Satellite/11354,-3723.253421,4109.907734,-4152.729975
919,Satellite/11355,-4205.755072,3966.3249,-3818.247625
920,Satellite/11356,-4656.248387,3792.555939,-3454.706105
921,Satellite/11357,-5071.30484,3589.923337,-3064.872186
922,Satellite/11358,-5447.765601,3359.969251,-2651.712738
923,Satellite/11359,-5782.765577,3104.443771,-2218.372156
924,Satellite/11360,-6073.755214,2825.291598,-1768.148422
925,Satellite/11361,-6318.519907,2524.637251,-1304.468011
926,Satellite/11362,-6515.196849,2204.768889,-830.8598107
927,Satellite/11363,-6662.289208,1868.120906,-350.9282655
928,Satellite/11364,-6758.677524,1517.255394,131.6740556
929,Satellite/11365,-6803.628223,1154.842652,613.2742577
930,Satellite/11366,-6796.799203,783.6408605,1090.207072
931,Satellite/11367,-6738.242437,406.4750889,1558.842753
932,Satellite/11368,-6628.403577,26.21579642,2015.614699
933,Satellite/11369,-6468.118564,-354.2430141,2457.0466
934,Satellite/11370,-6258.607263,-732.0058214,2879.778893
935,Satellite/11371,-6001.464181,-1104.197622,3280.594329
936,Satellite/11372,-5698.646334,-1467.985813,3656.442462
937,Satellite/11401,-4265.008304,-3424.011405,4252.643169
938,Satellite/11402,-3773.552134,-3619.762726,4544.969303
939,Satellite/11403,-3253.376953,-3787.965467,4802.705475
940,Satellite/11404,-2708.441609,-3927.339503,5023.890159
941,Satellite/11405,-2142.89339,-4036.824115,5206.840006
942,Satellite/11406,-1561.036457,-4115.586057,5350.162656
943,Satellite/11407,-967.2990952,-4163.025905,5452.767338
944,Satellite/11408,-366.2000027,-4178.782611,5513.873167
945,Satellite/11409,237.686093,-4162.736259,5533.015093
946,Satellite/11410,839.7632539,-4115.00897,5510.047433
947,Satellite/11411,1435.449309,-4035.963978,5445.144985
948,Satellite/11412,2020.210729,-3926.202864,5338.801695
949,Satellite/11413,2589.597125,-3786.560975,5191.826901
950,Satellite/11414,3139.275123,-3618.10107,5005.33917
951,Satellite/11415,3665.061342,-3422.105232,4780.757785
952,Satellite/11416,4162.954232,-3200.065106,4519.791947
953,Satellite/11417,4629.164525,-2953.670553,4224.427762
954,Satellite/11418,5060.144082,-2684.796784,3896.913132
955,Satellite/11419,5452.612887,-2395.49009,3539.74064
956,Satellite/11420,5803.584015,-2087.952269,3155.628584
957,Satellite/11421,6110.386365,-1764.523872,2747.500289
958,Satellite/11422,6370.684985,-1427.666382,2318.461858
959,Satellite/11423,6582.498845,-1079.943489,1871.778533
960,Satellite/11424,6744.215915,-724.0015737,1410.849842
961,Satellite/11425,6854.605429,-362.5495695,939.1837323
962,Satellite/11426,6912.827257,1.661655875,460.3698673
963,Satellite/11427,6918.438295,365.860235,-21.94769032
964,Satellite/11428,6871.395841,727.2743969,-504.0982128
965,Satellite/11429,6772.057915,1083.153561,-982.4122435
966,Satellite/11430,6621.180539,1430.789273,-1453.249524
967,Satellite/11431,6419.911982,1767.535815,-1913.026698
968,Satellite/11432,6169.784018,2090.830342,-2358.244583
969,Satellite/11433,5872.700272,2398.212387,-2785.514804
970,Satellite/11434,5530.921731,2687.342588,-3191.585575
971,Satellite/11435,5147.049536,2956.02049,-3573.366452
972,Satellite/11436,4724.005186,3202.20129,-3927.951853
973,Satellite/11437,4265.008304,3424.011405,-4252.643169
974,Satellite/11438,3773.552134,3619.762726,-4544.969303
975,Satellite/11439,3253.376953,3787.965467,-4802.705475
976,Satellite/11440,2708.441609,3927.339503,-5023.890159
977,Satellite/11441,2142.89339,4036.824115,-5206.840006
978,Satellite/11442,1561.036457,4115.586057,-5350.162656
979,Satellite/11443,967.2990952,4163.025905,-5452.767338
980,Satellite/11444,366.2000027,4178.782611,-5513.873167
981,Satellite/11445,-237.686093,4162.736259,-5533.015093
982,Satellite/11446,-839.7632539,4115.00897,-5510.047433
983,Satellite/11447,-1435.449309,4035.963978,-5445.144985
984,Satellite/11448,-2020.210729,3926.202864,-5338.801695
985,Satellite/11449,-2589.597125,3786.560975,-5191.826901
986,Satellite/11450,-3139.275123,3618.10107,-5005.33917
987,Satellite/11451,-3665.061342,3422.105232,-4780.757785
988,Satellite/11452,-4162.954232,3200.065106,-4519.791947
989,Satellite/11453,-4629.164525,2953.670553,-4224.427762
990,Satellite/11454,-5060.144082,2684.796784,-3896.913132
991,Satellite/11455,-5452.612887,2395.49009,-3539.74064
992,Satellite/11456,-5803.584015,2087.952269,-3155.628584
993,Satellite/11457,-6110.386365,1764.523872,-2747.500289
994,Satellite/11458,-6370.684985,1427.666382,-2318.461858
995,Satellite/11459,-6582.498845,1079.943489,-1871.778533
996,Satellite/11460,-6744.215915,724.0015737,-1410.849842
997,Satellite/11461,-6854.605429,362.5495695,-939.1837323
998,Satellite/11462,-6912.827257,-1.661655875,-460.3698673
999,Satellite/11463,-6918.438295,-365.860235,21.94769032
1000,Satellite/11464,-6871.395841,-727.2743969,504.0982128
1001,Satellite/11465,-6772.057915,-1083.153561,982.4122435
1002,Satellite/11466,-6621.180539,-1430.789273,1453.249524
1003,Satellite/11467,-6419.911982,-1767.535815,1913.026698
1004,Satellite/11468,-6169.784018,-2090.830342,2358.244583
1005,Satellite/11469,-5872.700272,-2398.212387,2785.514804
1006,Satellite/11470,-5530.921731,-2687.342588,3191.585575
1007,Satellite/11471,-5147.049536,-2956.02049,3573.366452
1008,Satellite/11472,-4724.005186,-3202.20129,3927.951853
1009,Satellite/11501,-2722.480654,-4528.072773,4481.493045
1010,Satellite/11502,-2180.126454,-4550.777527,4747.272523
1011,Satellite/11503,-1621.180175,-4538.848116,4976.92239
1012,Satellite/11504,-1049.895736,-4492.375331,5168.694873
1013,Satellite/11505,-470.6209562,-4411.712857,5321.130467
1014,Satellite/11506,112.2355329,-4297.474583,5433.069045
1015,Satellite/11507,694.2378419,-4150.529934,5503.658687
1016,Satellite/11508,1270.956582,-3971.997245,5532.362164
1017,Satellite/11509,1838.002574,-3763.23526,5518.961023
1018,Satellite/11510,2391.060258,-3525.832781,5463.557257
1019,Satellite/11511,2925.920529,-3261.596586,5366.572521
1020,Satellite/11512,3438.512778,-2972.537672,5228.744928
1021,Satellite/11513,3924.935869,-2660.855951,5051.123429
1022,Satellite/11514,4381.487827,-2328.923509,4835.059831
1023,Satellite/11515,4804.694018,-1979.266554,4582.198507
1024,Satellite/11516,5191.333586,-1614.546185,4294.463887
1025,Satellite/11517,5538.463971,-1237.538144,3974.045803
1026,Satellite/11518,5843.443301,-851.1116914,3623.382831
1027,Satellite/11519,6103.950499,-458.2077645,3245.143727
1028,Satellite/11520,6318.002948,-61.81659992,2842.207121
1029,Satellite/11521,6483.97158,335.0450264,2417.639602
1030,Satellite/11522,6600.593272,729.3567577,1974.672386
1031,Satellite/11523,6666.980465,1118.117644,1516.67672
1032,Satellite/11524,6682.62791,1498.368979,1047.138229
1033,Satellite/11525,6647.416523,1867.216822,569.6303843
1034,Satellite/11526,6561.614281,2221.854018,87.787308
1035,Satellite/11527,6425.874193,2559.581562,-394.7238827
1036,Satellite/11528,6241.229322,2877.829146,-874.2309864
1037,Satellite/11529,6009.084927,3174.174712,-1347.084664
1038,Satellite/11530,5731.207768,3446.362892,-1809.686215
1039,Satellite/11531,5409.712657,3692.322169,-2258.51496
1040,Satellite/11532,5047.046366,3910.180646,-2690.155043
1041,Satellite/11533,4645.969005,4098.280286,-3101.321422
1042,Satellite/11534,4209.533015,4255.189539,-3488.884872
1043,Satellite/11535,3741.059936,4379.71423,-3849.895801
1044,Satellite/11536,3244.115133,4470.906651,-4181.606699
1045,Satellite/11537,2722.480654,4528.072773,-4481.493045
1046,Satellite/11538,2180.126454,4550.777527,-4747.272523
1047,Satellite/11539,1621.180175,4538.848116,-4976.92239
1048,Satellite/11540,1049.895736,4492.375331,-5168.694873
1049,Satellite/11541,470.6209562,4411.712857,-5321.130467
1050,Satellite/11542,-112.2355329,4297.474583,-5433.069045
1051,Satellite/11543,-694.2378419,4150.529934,-5503.658687
1052,Satellite/11544,-1270.956582,3971.997245,-5532.362164
1053,Satellite/11545,-1838.002574,3763.23526,-5518.961023
1054,Satellite/11546,-2391.060258,3525.832781,-5463.557257
1055,Satellite/11547,-2925.920529,3261.596586,-5366.572521
1056,Satellite/11548,-3438.512778,2972.537672,-5228.744928
1057,Satellite/11549,-3924.935869,2660.855951,-5051.123429
1058,Satellite/11550,-4381.487827,2328.923509,-4835.059831
1059,Satellite/11551,-4804.694018,1979.266554,-4582.198507
1060,Satellite/11552,-5191.333586,1614.546185,-4294.463887
1061,Satellite/11553,-5538.463971,1237.538144,-3974.045803
1062,Satellite/11554,-5843.443301,851.1116914,-3623.382831
1063,Satellite/11555,-6103.950499,458.2077645,-3245.143727
1064,Satellite/11556,-6318.002948,61.81659992,-2842.207121
1065,Satellite/11557,-6483.97158,-335.0450264,-2417.639602
1066,Satellite/11558,-6600.593272,-729.3567577,-1974.672386
1067,Satellite/11559,-6666.980465,-1118.117644,-1516.67672
1068,Satellite/11560,-6682.62791,-1498.368979,-1047.138229
1069,Satellite/11561,-6647.416523,-1867.216822,-569.6303843
1070,Satellite/11562,-6561.614281,-2221.854018,-87.787308
1071,Satellite/11563,-6425.874193,-2559.581562,394.7238827
1072,Satellite/11564,-6241.229322,-2877.829146,874.2309864
1073,Satellite/11565,-6009.084927,-3174.174712,1347.084664
1074,Satellite/11566,-5731.207768,-3446.362892,1809.686215
1075,Satellite/11567,-5409.712657,-3692.322169,2258.51496
1076,Satellite/11568,-5047.046366,-3910.180646,2690.155043
1077,Satellite/11569,-4645.969005,-4098.280286,3101.321422
1078,Satellite/11570,-4209.533015,-4255.189539,3488.884872
1079,Satellite/11571,-3741.059936,-4379.71423,3849.895801
1080,Satellite/11572,-3244.115133,-4470.906651,4181.606699
1081,Satellite/11601,-930.1230443,-5013.796496,4689.972248
1082,Satellite/11602,-398.2245041,-4853.389228,4927.996966
1083,Satellite/11603,136.7047651,-4656.044739,5128.516653
1084,Satellite/11604,670.5936284,-4423.264937,5290.005231
1085,Satellite/11605,1199.378869,-4156.821419,5411.233675
1086,Satellite/11606,1719.036113,-3858.741979,5491.279363
1087,Satellite/11607,2225.610454,-3531.295183,5529.5331
1088,Satellite/11608,2715.246555,-3176.973098,5525.70375
1089,Satellite/11609,3184.21799,-2798.47233,5479.820459
1090,Satellite/11610,3628.955604,-2398.673498,5392.232426
1091,Satellite/11611,4046.074675,-1980.619312,5263.606247
1092,Satellite/11612,4432.400674,-1547.491417,5094.920847
1093,Satellite/11613,4784.993428,-1102.586178,4887.460023
1094,Satellite/11614,5101.169492,-649.2895922,4642.802677
1095,Satellite/11615,5378.522577,-191.0515208,4362.810799
1096,Satellite/11616,5614.941857,268.6405681,4049.615297
1097,Satellite/11617,5808.628039,726.2881401,3705.599777
1098,Satellite/11618,5958.107054,1178.408221,3333.382405
1099,Satellite/11619,6062.241277,1621.559903,2935.79598
1100,Satellite/11620,6120.238184,2052.370536,2515.866376
1101,Satellite/11621,6131.656382,2467.561389,2076.789509
1102,Satellite/11622,6096.408973,2863.972611,1621.907019
1103,Satellite/11623,6014.76421,3238.587271,1154.680839
1104,Satellite/11624,5887.34346,3588.554327,678.6668392
1105,Satellite/11625,5715.116472,3911.210318,197.4877755
1106,Satellite/11626,5499.393996,4204.099636,-285.1942894
1107,Satellite/11627,5241.817811,4464.993218,-765.7058536
1108,Satellite/11628,4944.348228,4691.905505,-1240.389934
1109,Satellite/11629,4609.249169,4883.109559,-1705.633898
1110,Satellite/11630,4239.070941,5037.1502,-2157.896958
1111,Satellite/11631,3836.630824,5152.855086,-2593.737119
1112,Satellite/11632,3404.991629,5229.343634,-3009.837375
1113,Satellite/11633,2947.438392,5266.03372,-3403.030951
1114,Satellite/11634,2467.453369,5262.646109,-3770.325406
1115,Satellite/11635,1968.689536,5219.206583,-4108.925409
1116,Satellite/11636,1454.942786,5136.045744,-4416.254008
1117,Satellite/11637,930.1230443,5013.796496,-4689.972248
1118,Satellite/11638,398.2245041,4853.389228,-4927.996966
1119,Satellite/11639,-136.7047651,4656.044739,-5128.516653
1120,Satellite/11640,-670.5936284,4423.264937,-5290.005231
1121,Satellite/11641,-1199.378869,4156.821419,-5411.233675
1122,Satellite/11642,-1719.036113,3858.741979,-5491.279363
1123,Satellite/11643,-2225.610454,3531.295183,-5529.5331
1124,Satellite/11644,-2715.246555,3176.973098,-5525.70375
1125,Satellite/11645,-3184.21799,2798.47233,-5479.820459
1126,Satellite/11646,-3628.955604,2398.673498,-5392.232426
1127,Satellite/11647,-4046.074675,1980.619312,-5263.606247
1128,Satellite/11648,-4432.400674,1547.491417,-5094.920847
1129,Satellite/11649,-4784.993428,1102.586178,-4887.460023
1130,Satellite/11650,-5101.169492,649.2895922,-4642.802677
1131,Satellite/11651,-5378.522577,191.0515208,-4362.810799
1132,Satellite/11652,-5614.941857,-268.6405681,-4049.615297
1133,Satellite/11653,-5808.628039,-726.2881401,-3705.599777
1134,Satellite/11654,-5958.107054,-1178.408221,-3333.382405
1135,Satellite/11655,-6062.241277,-1621.559903,-2935.79598
1136,Satellite/11656,-6120.238184,-2052.370536,-2515.866376
1137,Satellite/11657,-6131.656382,-2467.561389,-2076.789509
1138,Satellite/11658,-6096.408973,-2863.972611,-1621.907019
1139,Satellite/11659,-6014.76421,-3238.587271,-1154.680839
1140,Satellite/11660,-5887.34346,-3588.554327,-678.6668392
1141,Satellite/11661,-5715.116472,-3911.210318,-197.4877755
1142,Satellite/11662,-5499.393996,-4204.099636,285.1942894
1143,Satellite/11663,-5241.817811,-4464.993218,765.7058536
1144,Satellite/11664,-4944.348228,-4691.905505,1240.389934
1145,Satellite/11665,-4609.249169,-4883.109559,1705.633898
1146,Satellite/11666,-4239.070941,-5037.1502,2157.896958
1147,Satellite/11667,-3836.630824,-5152.855086,2593.737119
1148,Satellite/11668,-3404.991629,-5229.343634,3009.837375
1149,Satellite/11669,-2947.438392,-5266.03372,3403.030951
1150,Satellite/11670,-2467.453369,-5262.646109,3770.325406
1151,Satellite/11671,-1968.689536,-5219.206583,4108.925409
1152,Satellite/11672,-1454.942786,-5136.045744,4416.254008
1153,Satellite/11701,880.0777295,-4841.29729,4877.133133
1154,Satellite/11702,1339.752757,-4509.270848,5086.321149
1155,Satellite/11703,1789.231457,-4142.926131,5256.79919
1156,Satellite/11704,2225.093025,-3745.051246,5387.269815
1157,Satellite/11705,2644.020291,-3318.674258,5476.740064
1158,Satellite/11706,3042.824967,-2867.040156,5524.529014
1159,Satellite/11707,3418.471907,-2393.586147,5530.272962
1160,Satellite/11708,3768.102212,-1901.915503,5493.928194
1161,Satellite/11709,4089.054984,-1395.770133,5415.771315
1162,Satellite/11710,4378.887578,-879.002109,5296.397146
1163,Satellite/11711,4635.394194,-355.5443485,5136.714197
1164,Satellite/11712,4856.622662,170.619319,4937.937751
1165,Satellite/11713,5040.889298,695.4844706,4701.580617
1166,Satellite/11714,5186.791723,1215.056565,4429.441616
1167,Satellite/11715,5293.219531,1725.381346,4123.591889
1168,Satellite/11716,5359.362742,2222.574933,3786.359139
1169,Satellite/11717,5384.717967,2702.853382,3420.309909
1170,Satellite/11718,5369.092236,3162.561486,3028.230055
1171,Satellite/11719,5312.604472,3598.200586,2613.103542
1172,Satellite/11720,5215.68458,4006.455208,2178.089734
1173,Satellite/11721,5079.070179,4384.218286,1726.499347
1174,Satellite/11722,4903.800987,4728.614816,1261.769258
1175,Satellite/11723,4691.210908,5037.023732,787.436343
1176,Satellite/11724,4442.917882,5307.097856,307.1105619
1177,Satellite/11725,4160.811568,5536.781761,-175.552516
1178,Satellite/11726,3847.038966,5724.327413,-656.8795333
1179,Satellite/11727,3503.988074,5868.307477,-1133.207301
1180,Satellite/11728,3134.269717,5967.626178,-1600.910676
1181,Satellite/11729,2740.697676,6021.527641,-2056.430155
1182,Satellite/11730,2326.26727,6029.601642,-2496.298958
1183,Satellite/11731,1894.132565,5991.786734,-2917.16942
1184,Satellite/11732,1447.582368,5908.370711,-3315.83846
1185,Satellite/11733,990.0151948,5779.988419,-3689.271968
1186,Satellite/11734,524.9134084,5607.616925,-4034.627888
1187,Satellite/11735,55.81671395,5392.568081,-4349.277854
1188,Satellite/11736,-413.7047794,5136.478537,-4630.827189
1189,Satellite/11737,-880.0777295,4841.29729,-4877.133133
1190,Satellite/11738,-1339.752757,4509.270848,-5086.321149
1191,Satellite/11739,-1789.231457,4142.926131,-5256.79919
1192,Satellite/11740,-2225.093025,3745.051246,-5387.269815
1193,Satellite/11741,-2644.020291,3318.674258,-5476.740064
1194,Satellite/11742,-3042.824967,2867.040156,-5524.529014
1195,Satellite/11743,-3418.471907,2393.586147,-5530.272962
1196,Satellite/11744,-3768.102212,1901.915503,-5493.928194
1197,Satellite/11745,-4089.054984,1395.770133,-5415.771315
1198,Satellite/11746,-4378.887578,879.002109,-5296.397146
1199,Satellite/11747,-4635.394194,355.5443485,-5136.714197
1200,Satellite/11748,-4856.622662,-170.619319,-4937.937751
1201,Satellite/11749,-5040.889298,-695.4844706,-4701.580617
1202,Satellite/11750,-5186.791723,-1215.056565,-4429.441616
1203,Satellite/11751,-5293.219531,-1725.381346,-4123.591889
1204,Satellite/11752,-5359.362742,-2222.574933,-3786.359139
1205,Satellite/11753,-5384.717967,-2702.853382,-3420.309909
1206,Satellite/11754,-5369.092236,-3162.561486,-3028.230055
1207,Satellite/11755,-5312.604472,-3598.200586,-2613.103542
1208,Satellite/11756,-5215.68458,-4006.455208,-2178.089734
1209,Satellite/11757,-5079.070179,-4384.218286,-1726.499347
1210,Satellite/11758,-4903.800987,-4728.614816,-1261.769258
1211,Satellite/11759,-4691.210908,-5037.023732,-787.436343
1212,Satellite/11760,-4442.917882,-5307.097856,-307.1105619
1213,Satellite/11761,-4160.811568,-5536.781761,175.552516
1214,Satellite/11762,-3847.038966,-5724.327413,656.8795333
1215,Satellite/11763,-3503.988074,-5868.307477,1133.207301
1216,Satellite/11764,-3134.269717,-5967.626178,1600.910676
1217,Satellite/11765,-2740.697676,-6021.527641,2056.430155
1218,Satellite/11766,-2326.26727,-6029.601642,2496.298958
1219,Satellite/11767,-1894.132565,-5991.786734,2917.16942
1220,Satellite/11768,-1447.582368,-5908.370711,3315.83846
1221,Satellite/11769,-990.0151948,-5779.988419,3689.271968
1222,Satellite/11770,-524.9134084,-5607.616925,4034.627888
1223,Satellite/11771,-55.81671395,-5392.568081,4349.277854
1224,Satellite/11772,413.7047794,-5136.478537,4630.827189
1225,Satellite/11801,2478.526973,-4053.764152,5042.124959
1226,Satellite/11802,2811.233142,-3582.145238,5221.525407
1227,Satellite/11803,3122.54413,-3083.264037,5361.186892
1228,Satellite/11804,3410.090672,-2560.917334,5460.046509
1229,Satellite/11805,3671.684364,-2019.080504,5517.351874
1230,Satellite/11806,3905.334322,-1461.877252,5532.666861
1231,Satellite/11807,4109.262327,-893.5482317,5505.874912
1232,Satellite/11808,4281.916365,-318.4187698,5437.17993
1233,Satellite/11809,4421.982434,259.1340513,5327.104726
1234,Satellite/11810,4528.394546,834.7147057,5176.487038
1235,Satellite/11811,4600.342841,1403.942677,4986.473159
1236,Satellite/11812,4637.27975,1962.485797,4758.509207
1237,Satellite/11813,4638.92416,2506.093215,4494.330128
1238,Satellite/11814,4605.263555,3030.627751,4195.946482
1239,Satellite/11815,4536.554115,3532.097379,3865.62915
1240,Satellite/11816,4433.318758,4006.685614,3505.892046
1241,Satellite/11817,4296.343169,4450.780552,3119.472987
1242,Satellite/11818,4126.669814,4861.002362,2709.312855
1243,Satellite/11819,3925.59001,5234.229009,2278.533215
1244,Satellite/11820,3694.634095,5567.620013,1830.412563
1245,Satellite/11821,3435.559785,5858.638067,1368.361365
1246,Satellite/11822,3150.338789,6105.068348,895.8961116
1247,Satellite/11823,2841.141814,6305.035372,416.6125475
1248,Satellite/11824,2510.322034,6457.01727,-65.84168965
1249,Satellite/11825,2160.397187,6559.857367,-547.7948318
1250,Satellite/11826,1794.030413,6612.772989,-1025.578924
1251,Satellite/11827,1414.009984,6615.361416,-1495.557742
1252,Satellite/11828,1023.228086,6567.602948,-1954.154463
1253,Satellite/11829,624.6588043,6469.861056,-2397.878888
1254,Satellite/11830,221.3354917,6322.879614,-2823.354006
1255,Satellite/11831,-183.6723176,6127.777241,-3227.341696
1256,Satellite/11832,-587.2822696,5886.038783,-3606.767367
1257,Satellite/11833,-986.422649,5599.504016,-3958.743361
1258,Satellite/11834,-1378.055756,5270.353642,-4280.590927
1259,Satellite/11835,-1759.201027,4901.092694,-4569.860611
1260,Satellite/11836,-2126.957716,4494.531472,-4824.350897
1261,Satellite/11837,-2478.526973,4053.764152,-5042.124959
1262,Satellite/11838,-2811.233142,3582.145238,-5221.525407
1263,Satellite/11839,-3122.54413,3083.264037,-5361.186892
1264,Satellite/11840,-3410.090672,2560.917334,-5460.046509
1265,Satellite/11841,-3671.684364,2019.080504,-5517.351874
1266,Satellite/11842,-3905.334322,1461.877252,-5532.666861
1267,Satellite/11843,-4109.262327,893.5482317,-5505.874912
1268,Satellite/11844,-4281.916365,318.4187698,-5437.17993
1269,Satellite/11845,-4421.982434,-259.1340513,-5327.104726
1270,Satellite/11846,-4528.394546,-834.7147057,-5176.487038
1271,Satellite/11847,-4600.342841,-1403.942677,-4986.473159
1272,Satellite/11848,-4637.27975,-1962.485797,-4758.509207
1273,Satellite/11849,-4638.92416,-2506.093215,-4494.330128
1274,Satellite/11850,-4605.263555,-3030.627751,-4195.946482
1275,Satellite/11851,-4536.554115,-3532.097379,-3865.62915
1276,Satellite/11852,-4433.318758,-4006.685614,-3505.892046
1277,Satellite/11853,-4296.343169,-4450.780552,-3119.472987
1278,Satellite/11854,-4126.669814,-4861.002362,-2709.312855
1279,Satellite/11855,-3925.59001,-5234.229009,-2278.533215
1280,Satellite/11856,-3694.634095,-5567.620013,-1830.412563
1281,Satellite/11857,-3435.559785,-5858.638067,-1368.361365
1282,Satellite/11858,-3150.338789,-6105.068348,-895.8961116
1283,Satellite/11859,-2841.141814,-6305.035372,-416.6125475
1284,Satellite/11860,-2510.322034,-6457.01727,65.84168965
1285,Satellite/11861,-2160.397187,-6559.857367,547.7948318
1286,Satellite/11862,-1794.030413,-6612.772989,1025.578924
1287,Satellite/11863,-1414.009984,-6615.361416,1495.557742
1288,Satellite/11864,-1023.228086,-6567.602948,1954.154463
1289,Satellite/11865,-624.6588043,-6469.861056,2397.878888
1290,Satellite/11866,-221.3354917,-6322.879614,2823.354006
1291,Satellite/11867,183.6723176,-6127.777241,3227.341696
1292,Satellite/11868,587.2822696,-5886.038783,3606.767367
1293,Satellite/11869,986.422649,-5599.504016,3958.743361
1294,Satellite/11870,1378.055756,-5270.353642,4280.590927
1295,Satellite/11871,1759.201027,-4901.092694,4569.860611
1296,Satellite/11872,2126.957716,-4494.531472,4824.350897
1297,Satellite/11901,3666.64055,-2771.094472,5184.197755
1298,Satellite/11902,3831.31492,-2208.916567,5332.995166
1299,Satellite/11903,3966.83067,-1629.927472,5441.205264
1300,Satellite/11904,4072.156444,-1038.533646,5508.004505
1301,Satellite/11905,4146.490648,-439.2359508,5532.884505
1302,Satellite/11906,4189.267554,163.4045947,5515.655914
1303,Satellite/11907,4200.161605,764.8015326,5456.44985
1304,Satellite/11908,4179.08989,1360.377869,5355.716908
1305,Satellite/11909,4126.212777,1945.600909,5214.223727
1306,Satellite/11910,4041.932694,2516.01675,5033.047155
1307,Satellite/11911,3926.891063,3067.284185,4813.566055
1308,Satellite/11912,3781.963419,3595.207736,4557.450811
1309,Satellite/11913,3608.25275,4095.769584,4266.650614
1310,Satellite/11914,3407.081099,4565.160153,3943.37863
1311,Satellite/11915,3179.979503,4999.807097,3590.095154
1312,Satellite/11916,2928.676343,5396.40249,3209.488885
1313,Satellite/11917,2655.084188,5751.928001,2804.456468
1314,Satellite/11918,2361.285239,6063.677867,2378.080444
1315,Satellite/11919,2049.515484,6329.279484,1933.605792
1316,Satellite/11920,1722.147678,6546.711461,1474.415233
1317,Satellite/11921,1381.673289,6714.319012,1004.003483
1318,Satellite/11922,1030.683531,6830.82654,525.95066
1319,Satellite/11923,671.84965,6895.347354,43.89503532
1320,Satellite/11924,307.9025871,6907.390411,-438.4946571
1321,Satellite/11925,-58.38780049,6866.864056,-917.5471405
1322,Satellite/11926,-424.2338216,6774.07672,-1389.616536
1323,Satellite/11927,-786.8511672,6629.734569,-1851.110111
1324,Satellite/11928,-1143.4801,6434.936135,-2298.51562
1325,Satellite/11929,-1491.406459,6191.163952,-2728.428037
1326,Satellite/11930,-1827.982315,5900.273273,-3137.575469
1327,Satellite/11931,-2150.646121,5564.477951,-3522.844058
1328,Satellite/11932,-2456.942212,5186.333592,-3881.301676
1329,Satellite/11933,-2744.539489,4768.718103,-4210.220245
1330,Satellite/11934,-3011.249163,4314.80979,-4507.096495
1331,Satellite/11935,-3255.041413,3828.063169,-4769.67102
1332,Satellite/11936,-3474.060832,3312.182675,-4995.945468
1333,Satellite/11937,-3666.64055,2771.094472,-5184.197755
1334,Satellite/11938,-3831.31492,2208.916567,-5332.995166
1335,Satellite/11939,-3966.83067,1629.927472,-5441.205264
1336,Satellite/11940,-4072.156444,1038.533646,-5508.004505
1337,Satellite/11941,-4146.490648,439.2359508,-5532.884505
1338,Satellite/11942,-4189.267554,-163.4045947,-5515.655914
1339,Satellite/11943,-4200.161605,-764.8015326,-5456.44985
1340,Satellite/11944,-4179.08989,-1360.377869,-5355.716908
1341,Satellite/11945,-4126.212777,-1945.600909,-5214.223727
1342,Satellite/11946,-4041.932694,-2516.01675,-5033.047155
1343,Satellite/11947,-3926.891063,-3067.284185,-4813.566055
1344,Satellite/11948,-3781.963419,-3595.207736,-4557.450811
1345,Satellite/11949,-3608.25275,-4095.769584,-4266.650614
1346,Satellite/11950,-3407.081099,-4565.160153,-3943.37863
1347,Satellite/11951,-3179.979503,-4999.807097,-3590.095154
1348,Satellite/11952,-2928.676343,-5396.40249,-3209.488885
1349,Satellite/11953,-2655.084188,-5751.928001,-2804.456468
1350,Satellite/11954,-2361.285239,-6063.677867,-2378.080444
1351,Satellite/11955,-2049.515484,-6329.279484,-1933.605792
1352,Satellite/11956,-1722.147678,-6546.711461,-1474.415233
1353,Satellite/11957,-1381.673289,-6714.319012,-1004.003483
1354,Satellite/11958,-1030.683531,-6830.82654,-525.95066
1355,Satellite/11959,-671.84965,-6895.347354,-43.89503532
1356,Satellite/11960,-307.9025871,-6907.390411,438.4946571
1357,Satellite/11961,58.38780049,-6866.864056,917.5471405
1358,Satellite/11962,424.2338216,-6774.07672,1389.616536
1359,Satellite/11963,786.8511672,-6629.734569,1851.110111
1360,Satellite/11964,1143.4801,-6434.936135,2298.51562
1361,Satellite/11965,1491.406459,-6191.163952,2728.428037
1362,Satellite/11966,1827.982315,-5900.273273,3137.575469
1363,Satellite/11967,2150.646121,-5564.477951,3522.844058
1364,Satellite/11968,2456.942212,-5186.333592,3881.301676
1365,Satellite/11969,2744.539489,-4768.718103,4210.220245
1366,Satellite/11970,3011.249163,-4314.80979,4507.096495
1367,Satellite/11971,3255.041413,-3828.063169,4769.67102
1368,Satellite/11972,3474.060832,-3312.182675,4995.945468
1369,Satellite/12001,4301.406468,-1174.026507,5302.705726
1370,Satellite/12002,4275.734554,-581.7151158,5420.223741
1371,Satellite/12003,4217.521718,15.02347861,5496.490581
1372,Satellite/12004,4127.210995,611.6477353,5530.925809
1373,Satellite/12005,4005.489705,1203.616983,5523.267352
1374,Satellite/12006,3853.284219,1786.425979,5473.573495
1375,Satellite/12007,3671.752913,2355.639195,5382.222439
1376,Satellite/12008,3462.277351,2906.924574,5249.90942
1377,Satellite/12009,3226.451768,3436.086502,5077.641421
1378,Satellite/12010,2966.070938,3939.097737,4866.729504
1379,Satellite/12011,2683.116518,4412.130059,4618.778838
1380,Satellite/12012,2379.741961,4851.583408,4335.676475
1381,Satellite/12013,2058.25613,5254.113277,4019.576997
1382,Satellite/12014,1721.105728,5616.656172,3672.88611
1383,Satellite/12015,1370.856672,5936.452922,3298.242342
1384,Satellite/12016,1010.174569,6211.069681,2898.496959
1385,Satellite/12017,641.8044269,6438.416449,2476.692264
1386,Satellite/12018,268.5497661,6616.76298,2036.038445
1387,Satellite/12019,-106.7487206,6744.75195,1579.889144
1388,Satellite/12020,-481.2347852,6821.409284,1111.715933
1389,Satellite/12021,-852.0583624,6846.151576,635.0818918
1390,Satellite/12022,-1216.397261,6818.79052,153.6144943
1391,Satellite/12023,-1571.478642,6739.53435,-329.0220022
1392,Satellite/12024,-1914.600122,6608.986255,-809.1544426
1393,Satellite/12025,-2243.150338,6428.139784,-1283.128729
1394,Satellite/12026,-2554.628826,6198.371288,-1747.337631
1395,Satellite/12027,-2846.665046,5921.429443,-2198.248239
1396,Satellite/12028,-3117.036427,5599.421945,-2632.42885
1397,Satellite/12029,-3363.685278,5234.799465,-3046.575088
1398,Satellite/12030,-3584.734453,4830.337001,-3437.535051
1399,Satellite/12031,-3778.501634,4389.112755,-3802.333295
1400,Satellite/12032,-3943.512136,3914.48471,-4138.193488
1401,Satellite/12033,-4078.51013,3410.065074,-4442.559529
1402,Satellite/12034,-4182.468199,2879.692783,-4713.11501
1403,Satellite/12035,-4254.59516,2327.404291,-4947.80084
1404,Satellite/12036,-4294.342082,1757.402847,-5144.830918
1405,Satellite/12037,-4301.406468,1174.026507,-5302.705726
1406,Satellite/12038,-4275.734554,581.7151158,-5420.223741
1407,Satellite/12039,-4217.521718,-15.02347861,-5496.490581
1408,Satellite/12040,-4127.210995,-611.6477353,-5530.925809
1409,Satellite/12041,-4005.489705,-1203.616983,-5523.267352
1410,Satellite/12042,-3853.284219,-1786.425979,-5473.573495
1411,Satellite/12043,-3671.752913,-2355.639195,-5382.222439
1412,Satellite/12044,-3462.277351,-2906.924574,-5249.90942
1413,Satellite/12045,-3226.451768,-3436.086502,-5077.641421
1414,Satellite/12046,-2966.070938,-3939.097737,-4866.729504
1415,Satellite/12047,-2683.116518,-4412.130059,-4618.778838
1416,Satellite/12048,-2379.741961,-4851.583408,-4335.676475
1417,Satellite/12049,-2058.25613,-5254.113277,-4019.576997
1418,Satellite/12050,-1721.105728,-5616.656172,-3672.88611
1419,Satellite/12051,-1370.856672,-5936.452922,-3298.242342
1420,Satellite/12052,-1010.174569,-6211.069681,-2898.496959
1421,Satellite/12053,-641.8044269,-6438.416449,-2476.692264
1422,Satellite/12054,-268.5497661,-6616.76298,-2036.038445
1423,Satellite/12055,106.7487206,-6744.75195,-1579.889144
1424,Satellite/12056,481.2347852,-6821.409284,-1111.715933
1425,Satellite/12057,852.0583624,-6846.151576,-635.0818918
1426,Satellite/12058,1216.397261,-6818.79052,-153.6144943
1427,Satellite/12059,1571.478642,-6739.53435,329.0220022
1428,Satellite/12060,1914.600122,-6608.986255,809.1544426
1429,Satellite/12061,2243.150338,-6428.139784,1283.128729
1430,Satellite/12062,2554.628826,-6198.371288,1747.337631
1431,Satellite/12063,2846.665046,-5921.429443,2198.248239
1432,Satellite/12064,3117.036427,-5599.421945,2632.42885
1433,Satellite/12065,3363.685278,-5234.799465,3046.575088
1434,Satellite/12066,3584.734453,-4830.337001,3437.535051
1435,Satellite/12067,3778.501634,-4389.112755,3802.333295
1436,Satellite/12068,3943.512136,-3914.48471,4138.193488
1437,Satellite/12069,4078.51013,-3410.065074,4442.559529
1438,Satellite/12070,4182.468199,-2879.692783,4713.11501
1439,Satellite/12071,4254.59516,-2327.404291,4947.80084
1440,Satellite/12072,4294.342082,-1757.402847,5144.830918
1441,Satellite/12101,4312.856878,519.2215085,5397.110193
1442,Satellite/12102,4096.119947,1076.879259,5482.814633
1443,Satellite/12103,3848.209069,1626.341308,5526.791544
1444,Satellite/12104,3571.010997,2163.425918,5528.706233
1445,Satellite/12105,3266.635375,2684.04555,5488.54413
1446,Satellite/12106,2937.398685,3184.237975,5406.610892
1447,Satellite/12107,2585.806618,3660.196426,5283.530081
1448,Satellite/12108,2214.535001,4108.298573,5120.238415
1449,Satellite/12109,1826.409436,4525.134086,4917.978643
1450,Satellite/12110,1424.383791,4907.530597,4678.290084
1451,Satellite/12111,1011.517727,5252.577837,4402.996913
1452,Satellite/12112,590.9534011,5557.649787,4094.194277
1453,Satellite/12113,165.8915633,5820.424668,3754.23235
1454,Satellite/12114,-260.4328094,6038.902601,3385.698448
1455,Satellite/12115,-684.7751312,6211.42084,2991.397337
1456,Satellite/12116,-1103.905901,6336.666416,2574.329885
1457,Satellite/12117,-1514.63528,6413.686134,2137.670229
1458,Satellite/12118,-1913.83737,6441.893827,1684.741612
1459,Satellite/12119,-2298.474002,6421.074819,1218.991093
1460,Satellite/12120,-2665.617859,6351.387555,743.9633164
1461,Satellite/12121,-3012.474755,6233.362396,263.2735296
1462,Satellite/12122,-3336.404898,6067.897586,-219.4199277
1463,Satellite/12123,-3634.942986,5856.252411,-700.4434668
1464,Satellite/12124,-3905.816963,5600.037619,-1176.136208
1465,Satellite/12125,-4146.965315,5301.203159,-1642.877843
1466,Satellite/12126,-4356.552756,4962.023342,-2097.116185
1467,Satellite/12127,-4532.9842,4585.079532,-2535.394207
1468,Satellite/12128,-4674.916898,4173.240498,-2954.376348
1469,Satellite/12129,-4781.270655,3729.640583,-3350.873901
1470,Satellite/12130,-4851.236055,3257.655852,-3721.869281
1471,Satellite/12131,-4884.28062,2760.878393,-4064.538988
1472,Satellite/12132,-4880.15286,2243.088982,-4376.275099
1473,Satellite/12133,-4838.88419,1708.22831,-4654.705114
1474,Satellite/12134,-4760.78869,1160.366989,-4897.710012
1475,Satellite/12135,-4646.460713,603.674574,-5103.44038
1476,Satellite/12136,-4496.770364,42.38783122,-5270.330485
1477,Satellite/12137,-4312.856878,-519.2215085,-5397.110193
1478,Satellite/12138,-4096.119947,-1076.879259,-5482.814633
1479,Satellite/12139,-3848.209069,-1626.341308,-5526.791544
1480,Satellite/12140,-3571.010997,-2163.425918,-5528.706233
1481,Satellite/12141,-3266.635375,-2684.04555,-5488.54413
1482,Satellite/12142,-2937.398685,-3184.237975,-5406.610892
1483,Satellite/12143,-2585.806618,-3660.196426,-5283.530081
1484,Satellite/12144,-2214.535001,-4108.298573,-5120.238415
1485,Satellite/12145,-1826.409436,-4525.134086,-4917.978643
1486,Satellite/12146,-1424.383791,-4907.530597,-4678.290084
1487,Satellite/12147,-1011.517727,-5252.577837,-4402.996913
1488,Satellite/12148,-590.9534011,-5557.649787,-4094.194277
1489,Satellite/12149,-165.8915633,-5820.424668,-3754.23235
1490,Satellite/12150,260.4328094,-6038.902601,-3385.698448
1491,Satellite/12151,684.7751312,-6211.42084,-2991.397337
1492,Satellite/12152,1103.905901,-6336.666416,-2574.329885
1493,Satellite/12153,1514.63528,-6413.686134,-2137.670229
1494,Satellite/12154,1913.83737,-6441.893827,-1684.741612
1495,Satellite/12155,2298.474002,-6421.074819,-1218.991093
1496,Satellite/12156,2665.617859,-6351.387555,-743.9633164
1497,Satellite/12157,3012.474755,-6233.362396,-263.2735296
1498,Satellite/12158,3336.404898,-6067.897586,219.4199277
1499,Satellite/12159,3634.942986,-5856.252411,700.4434668
1500,Satellite/12160,3905.816963,-5600.037619,1176.136208
1501,Satellite/12161,4146.965315,-5301.203159,1642.877843
1502,Satellite/12162,4356.552756,-4962.023342,2097.116185
1503,Satellite/12163,4532.9842,-4585.079532,2535.394207
1504,Satellite/12164,4674.916898,-4173.240498,2954.376348
1505,Satellite/12165,4781.270655,-3729.640583,3350.873901
1506,Satellite/12166,4851.236055,-3257.655852,3721.869281
1507,Satellite/12167,4884.28062,-2760.878393,4064.538988
1508,Satellite/12168,4880.15286,-2243.088982,4376.275099
1509,Satellite/12169,4838.88419,-1708.22831,4654.705114
1510,Satellite/12170,4760.78869,-1160.366989,4897.710012
1511,Satellite/12171,4646.460713,-603.674574,5103.44038
1512,Satellite/12172,4496.770364,-42.38783122,5270.330485
1513,Satellite/12201,3712.303391,2080.873558,5466.98204
1514,Satellite/12202,3325.651301,2542.327877,5520.483335
1515,Satellite/12203,2913.688996,2984.433545,5531.970418
1516,Satellite/12204,2479.551759,3403.825872,5501.355866
1517,Satellite/12205,2026.543636,3797.313028,5428.872675
1518,Satellite/12206,1558.112292,4161.90034,5315.072484
1519,Satellite/12207,1077.822773,4494.813077,5160.821382
1520,Satellite/12208,589.3303713,4793.517572,4967.293313
1521,Satellite/12209,96.35280988,5055.740505,4735.961143
1522,Satellite/12210,-397.3580546,5279.486199,4468.585449
1523,Satellite/12211,-888.0447843,5463.051816,4167.201121
1524,Satellite/12212,-1371.972957,5605.040309,3834.101876
1525,Satellite/12213,-1845.459587,5704.371061,3471.822802
1526,Satellite/12214,-2304.901155,5760.288106,3083.121059
1527,Satellite/12215,-2746.801034,5772.365879,2670.954904
1528,Satellite/12216,-3167.796098,5740.512463,2238.461168
1529,Satellite/12217,-3564.682322,5664.970281,1788.931392
1530,Satellite/12218,-3934.43916,5546.314254,1325.786768
1531,Satellite/12219,-4274.252541,5385.447427,852.5521057
1532,Satellite/12220,-4581.536279,5183.594093,372.8290072
1533,Satellite/12221,-4853.951759,4942.290478,-109.7315451
1534,Satellite/12222,-5089.425736,4663.373048,-591.4569741
1535,Satellite/12223,-5286.16611,4348.964534,-1068.681058
1536,Satellite/12224,-5442.675568,4001.457773,-1537.771835
1537,Satellite/12225,-5557.762978,3623.497503,-1995.159239
1538,Satellite/12226,-5630.552456,3217.960229,-2437.362276
1539,Satellite/12227,-5660.49003,2787.932334,-2861.015515
1540,Satellite/12228,-5647.347858,2336.686591,-3262.894698
1541,Satellite/12229,-5591.225958,1867.657252,-3639.941282
1542,Satellite/12230,-5492.551452,1384.413914,-3989.285716
1543,Satellite/12231,-5352.075313,890.6343497,-4308.269276
1544,Satellite/12232,-5170.86665,390.0765203,-4594.464306
1545,Satellite/12233,-4950.304569,-113.4500269,-4845.692688
1546,Satellite/12234,-4692.067681,-616.1131509,-5060.042423
1547,Satellite/12235,-4398.121325,-1114.087282,-5235.882179
1548,Satellite/12236,-4070.702611,-1603.582536,-5371.873711
1549,Satellite/12237,-3712.303391,-2080.873558,-5466.98204
1550,Satellite/12238,-3325.651301,-2542.327877,-5520.483335
1551,Satellite/12239,-2913.688996,-2984.433545,-5531.970418
1552,Satellite/12240,-2479.551759,-3403.825872,-5501.355866
1553,Satellite/12241,-2026.543636,-3797.313028,-5428.872675
1554,Satellite/12242,-1558.112292,-4161.90034,-5315.072484
1555,Satellite/12243,-1077.822773,-4494.813077,-5160.821382
1556,Satellite/12244,-589.3303713,-4793.517572,-4967.293313
1557,Satellite/12245,-96.35280988,-5055.740505,-4735.961143
1558,Satellite/12246,397.3580546,-5279.486199,-4468.585449
1559,Satellite/12247,888.0447843,-5463.051816,-4167.201121
1560,Satellite/12248,1371.972957,-5605.040309,-3834.101876
1561,Satellite/12249,1845.459587,-5704.371061,-3471.822802
1562,Satellite/12250,2304.901155,-5760.288106,-3083.121059
1563,Satellite/12251,2746.801034,-5772.365879,-2670.954904
1564,Satellite/12252,3167.796098,-5740.512463,-2238.461168
1565,Satellite/12253,3564.682322,-5664.970281,-1788.931392
1566,Satellite/12254,3934.43916,-5546.314254,-1325.786768
1567,Satellite/12255,4274.252541,-5385.447427,-852.5521057
1568,Satellite/12256,4581.536279,-5183.594093,-372.8290072
1569,Satellite/12257,4853.951759,-4942.290478,109.7315451
1570,Satellite/12258,5089.425736,-4663.373048,591.4569741
1571,Satellite/12259,5286.16611,-4348.964534,1068.681058
1572,Satellite/12260,5442.675568,-4001.457773,1537.771835
1573,Satellite/12261,5557.762978,-3623.497503,1995.159239
1574,Satellite/12262,5630.552456,-3217.960229,2437.362276
1575,Satellite/12263,5660.49003,-2787.932334,2861.015515
1576,Satellite/12264,5647.347858,-2336.686591,3262.894698
1577,Satellite/12265,5591.225958,-1867.657252,3639.941282
1578,Satellite/12266,5492.551452,-1384.413914,3989.285716
1579,Satellite/12267,5352.075313,-890.6343497,4308.269276
1580,Satellite/12268,5170.86665,-390.0765203,4594.464306
1581,Satellite/12269,4950.304569,113.4500269,4845.692688
1582,Satellite/12270,4692.067681,616.1131509,5060.042423
1583,Satellite/12271,4398.121325,1114.087282,5235.882179
1584,Satellite/12272,4070.702611,1603.582536,5371.873711
